formula,formation_energy,e_hull,density,volume,nsites,stability
Ac2O3,-3.737668289999997,0.0,9.109129867325777,91.51122386046316,5,1
AgI,-0.467759898333332,0.0,5.809898805745882,268.4034289336924,8,1
Al2Se3,-1.0088235364375011,0.0,3.824586748501788,252.55345149639967,10,1
Al2Te3,-0.559024813749999,0.0,4.155653863056867,1396.1935742271555,40,1
Al2Te5,-0.401939997142855,0.0,4.782126199336237,240.2763278172873,7,1
Al4C3,-0.238256372857143,0.0,2.991752250158876,79.90244024318747,7,1
AlAs,-0.627042776249999,0.0,3.701817725841658,45.71109524739804,2,1
AlH3,-0.073632082812499,0.0,1.517482771032696,65.66805385043641,8,1
AlI3,-0.955214190625,0.0,3.7331499892699993,725.3856847943193,16,1
AlP,-0.737248783988095,0.0,2.348192310671479,40.983457924417976,2,1
AlSb,-0.252975485,0.0,4.175546636123753,59.15180866014202,2,1
As2O5,-1.557510087142856,0.0,4.440831778137766,343.77220326522104,28,1
As2S3,-0.156509995187498,0.0,3.104445879796971,526.4141283759965,20,1
As2Se3,-0.139482853937499,0.0,4.573186524611719,561.681862836406,20,1
AsBr3,-0.860313386875,0.0,3.72693540099669,560.7410145346511,16,1
AsCl3,-0.755685861249999,0.0,2.490146680099305,483.54343255744817,16,1
AsI3,-0.478643139374998,0.0,4.447894935673874,340.20575807555747,8,1
AsS,-0.159580558906249,0.0,3.260272137661132,871.8557048070456,32,1
AsSe,-0.119492343906248,0.0,4.362593485155438,937.1541375116144,32,1
Au2S,-0.118341825937501,0.0,9.644302410870814,146.69522383506134,6,1
AuBr,-0.402991093749999,0.0,7.826089358503499,234.9855081665895,8,1
AuCl,-0.264202023750002,0.0,7.497045788439865,205.9167224305555,8,1
AuCl3,-0.323221143125,0.0,4.518647830236056,445.8713988311508,16,1
AuI,-0.265866406249999,0.0,7.791374513900841,276.1004553639798,8,1
B,0.0,0.0,2.483309878652122,86.74916330018324,12,1
B5H7,-0.095264628645833,0.0,0.958639553801726,846.837625843031,96,1
B6As,-0.209188941071428,0.0,3.589969113026614,129.317419464123,14,1
B6O,-0.8052726050000011,0.0,2.621773527017992,102.43459585845004,14,1
B6P,-0.326223649710885,0.0,2.6073925513727563,122.07265749137632,14,1
B9H11,-0.09809325075,0.0,0.9893997412867692,1455.26419177524,160,1
BBr3,-0.927507426041666,0.0,3.160863752001252,263.2212339544504,8,1
BI3,-0.347344851041667,0.0,3.787581409278581,343.3017052728368,8,1
BP,-0.483304295238095,0.0,2.981368782582196,23.272944325085422,2,1
BS2,-0.7289695282638881,0.0,1.841349691563198,1081.3151571176138,48,1
Ba3As14,-0.44724163764706,0.0,4.884319645929317,993.3231783751852,34,1
Ba3P14,-0.50608046735294,0.0,3.162453986024103,888.0284343553575,34,1
BaH2,-0.6047468716666671,0.0,4.1024432943265055,225.6063319266837,12,1
BaI2,-2.050704712499999,0.0,4.965111263558779,523.2483013931756,12,1
BaO,-2.8236427075,0.0,5.859229670745691,43.45357520500392,2,1
BaO2,-2.170192663333334,0.0,5.534178952108108,50.80647162235199,3,1
BaS,-2.329565223749999,0.0,4.190346371817915,67.12620118023261,2,1
BaS2,-1.7528733849999991,0.0,3.693656366723054,181.1360806348224,6,1
BaS3,-1.4342925506249982,0.0,3.80619643432229,203.75848204461352,8,1
BaSe,-2.283761781171875,0.0,4.84730673334938,74.09331260733886,2,1
BaTe,-2.003574658333334,0.0,4.937715825789216,89.09415786940792,2,1
Be2C,-0.230531401666667,0.0,2.466756874278714,20.218610784013585,3,1
Be3N2,-1.217352798500001,0.0,2.724295335866355,268.4366404588809,40,1
BeS,-1.307732301249999,0.0,2.361792329991975,28.88072104843785,2,1
BeSe,-1.029387863671874,0.0,4.2335305740883165,34.50577300165209,2,1
BeTe,-0.570361940833332,0.0,4.996636953414623,45.4005098428141,2,1
Bi2O3,-1.641727215000003,0.0,9.438175801265304,327.9206233179676,20,1
Bi2S3,-0.414615469187504,0.0,6.602026285137526,517.2810621133061,20,1
BiCl3,-1.044261659374999,0.0,4.7866940266516025,437.57415036155714,16,1
BiF5,-1.871315934166666,0.0,5.769338760918803,87.48976145342537,6,1
BiI3,-0.7663869175000011,0.0,5.324512983950062,367.81189633263233,8,1
BiO2,-1.459764126666667,0.0,9.362232999004997,170.96578385970207,12,1
Br,0.0,0.0,3.372613643437797,157.36604023502463,4,1
Br2O3,-0.198695136500001,0.0,3.609499311286582,764.8048299722651,40,1
BrCl,-0.359564575,0.0,2.419080471638261,158.36993217183098,4,1
BrF3,-1.24064686125,0.0,3.634824695074091,125.08250317300543,8,1
BrF5,-1.326850845833333,0.0,3.281151029412528,177.0242604240604,12,1
CBr4,-0.215968716874999,0.0,3.054042881547761,2884.98419824968,80,1
Ca3N2,-0.9597206842499992,0.0,2.634933159523292,747.4059775130344,40,1
Ca5P8,-1.057331754908424,0.0,2.539264062615659,293.08513802771955,13,1
CaC2,-0.138030033333333,0.0,2.199846562628209,96.76998369119411,6,1
CaH2,-0.6668815449999991,0.0,1.960743294233768,142.59598879737652,12,1
CaI2,-1.89441126,0.0,3.810445046731192,128.07184962611453,3,1
CaO,-3.306019392499999,0.0,3.353083748678994,27.771067003632275,2,1
CaO2,-2.206560153333333,0.0,3.312892458777454,36.12744563392267,3,1
CaS,-2.436088926406249,0.0,2.5810342007468723,46.41405753052727,2,1
CaSe,-2.315957819531251,0.0,3.771646029600366,52.40874882176445,2,1
CaTe,-1.917514015000001,0.0,4.265149322704297,65.28162287945732,2,1
CdCl2,-1.2745155149999992,0.0,3.869336071868258,78.67112972818981,3,1
CdF2,-2.457565739999999,0.0,6.340854969929461,39.38870067731385,3,1
CdI2,-0.827083558444443,0.0,5.339921249967611,341.6469020071765,9,1
CdP2,-0.181319395734126,0.0,4.130574789836572,560.7532228378684,24,1
CdS,-0.7766083889062491,0.0,4.702284793707707,102.03892478274858,4,1
CeF4,-4.057656529333332,0.0,4.737642139028645,454.4772832450901,30,1
CeO2,-3.9271761966666654,0.0,6.994759103664203,40.85964149792201,3,1
Cl2,0.0,0.0,2.086496109964204,112.8611575109618,4,1
Cl2O7,-0.30258604611111,0.0,2.356081884394688,257.81411610784386,18,1
ClF3,-0.6182932559375001,0.0,2.497464466586691,491.74309619014207,32,1
ClO3,-0.33921599625,0.0,2.434144412054772,227.7169375298868,16,1
CoF2,-2.341685073333334,0.0,4.666660251169866,68.98126085349506,6,1
CrBr3,-1.21740412,0.0,4.353329389229361,667.6168781881327,24,1
CrCl3,-1.425545254374999,0.0,2.832861229191603,185.6461073600753,8,1
CrF3,-3.04001977,0.0,3.9089680584202062,92.5995427979218,8,1
CrF4,-2.60675029,0.0,3.088170448140656,550.5704346216421,40,1
CrF5,-2.309802503333333,0.0,3.08059983917544,316.9246532315126,24,1
Cs2O2,-1.224223352327586,0.0,4.690966106411125,105.42063966239483,4,1
Cs2Pt,-0.06368258,0.0,6.636621423383506,230.63964162854523,6,1
Cs2S,-1.192438348437498,0.0,4.026382662216831,491.3935080242464,12,1
Cs2S3,-0.969698954687498,0.0,3.416714592943785,351.8730811412738,10,1
Cs2S5,-0.743681253794641,0.0,3.046112503708791,929.2044401895766,28,1
Cs2Te,-1.220100983333334,0.0,4.077192021558062,640.9059681586167,12,1
Cs3As11,-0.28239570742611,0.0,4.005710412372885,2027.7020125209888,56,1
Cs3As7,-0.377161667896553,0.0,4.030122931638817,3042.995595440295,80,1
Cs3P7,-0.532562034083332,0.0,2.891058800427159,1414.175426477256,40,1
CsAu,-0.360558844999999,0.0,6.97259852405392,78.55971856017129,2,1
CsBr3,-1.378872292413793,0.0,3.828121031122597,646.5269313550925,16,1
CsGe,-0.205434222327586,0.0,4.223040828808655,2586.3164799242613,64,1
CsH,-0.247597554374998,0.0,3.4210452945750163,65.00013874224075,2,1
CsI,-1.729146057327588,0.0,3.622301623299378,119.10231948389796,2,1
CsI3,-1.113519470538793,0.0,4.235257200307448,805.5087520688634,16,1
CsI4,-0.975770047431038,0.0,4.331436718846286,982.2274545172628,20,1
CsP7,-0.246341467291665,0.0,2.643944226993856,878.5763058071049,32,1
CsS,-1.107907756406248,0.0,3.167069221311618,172.99266992412373,4,1
CsS3,-0.655204124609374,0.0,2.977987927380984,510.98964781934046,16,1
CsSi,-0.151711822343749,0.0,3.382528180601402,2529.0599289107195,64,1
CsSn,-0.407444011093751,0.0,4.2244509756296384,3164.944576612693,64,1
CsTe,-1.0644603675,0.0,4.700155721594678,368.1405515606796,8,1
CuP10,-0.063789065887445,0.0,2.630580678955053,942.532633788055,44,1
Dy2O3,-4.005045779666665,0.0,8.333958276713304,594.5583725490907,40,1
DyCl3,-2.527565295624999,0.0,4.532576383764497,196.99651372944453,8,1
Er2O3,-4.057094096999998,0.0,8.894209986204963,571.3227771258436,40,1
Er2S3,-2.3661894406875,0.0,6.204950661786847,691.5920547737513,30,1
EuBr2,-2.393062800000004,0.0,5.451975810284797,949.5815900272148,30,1
EuCl2,-2.6734610466666693,0.0,4.871434851663826,303.88117919445483,12,1
EuI2,-1.8748465075,0.0,5.292732391321431,509.22795200753416,12,1
FeF2,-2.590574678333332,0.0,4.318802548760486,72.16258851761452,6,1
FeF3,-2.648772015416667,0.0,3.813987565986234,98.25704624481654,8,1
Ga2I3,-0.6586228404999981,0.0,4.370491340830161,790.5244090935928,20,1
Ga2O3,-2.268996668999999,0.0,5.887587999533202,105.73376293730534,10,1
Ga2S3,-0.7975143386875001,0.0,3.571704039881657,219.106108358102,10,1
Ga2Se3,-0.700867464437499,0.0,4.965206661647674,251.7131984069082,10,1
GaBr2,-1.13377497625,0.0,3.897934992346774,782.2504854372522,24,1
GaBr3,-1.237540705624999,0.0,3.718367562186263,552.7467604856777,16,1
GaCl2,-1.09882738375,0.0,2.822791295142771,661.8128624633736,24,1
GaI2,-0.727731253611111,0.0,4.357624036057486,1479.4413319299028,36,1
GaI3,-0.7841287225000011,0.0,4.1931707844143045,713.5099372572107,16,1
GaN,-0.670049406875,0.0,6.080976820120369,45.72832358928343,4,1
GaP,-0.508916133988096,0.0,4.128066394428307,40.5058667192971,2,1
GaS,-0.7642187451562491,0.0,3.775576275936825,179.0698300424525,8,1
GaSe,-0.69001870828125,0.0,4.850188151865577,407.231921416199,16,1
GaTe,-0.442993200833332,0.0,5.154297046168311,381.42452478437787,12,1
Gd2O3,-3.895411792000001,0.0,7.632702112600969,630.9088590562675,40,1
GdBr3,-2.3183582925,0.0,4.358708510626524,302.4615696822174,8,1
GdCl3,-2.506313930624998,0.0,4.459738773488724,196.3043420433048,8,1
Ge3N4,-0.192592425714287,0.0,5.225428290699124,348.2197732038494,28,1
Ge3Os2,-0.084102020749998,0.0,12.870450274103266,617.6215100547992,40,1
Ge4Se9,-0.564213325853364,0.0,4.069741392228336,1634.0416289395937,52,1
GeBr2,-0.927984858749999,0.0,3.641964924077439,847.869747237202,24,1
GeBr4,-1.061983198249999,0.0,3.595383064417157,1449.317417227897,40,1
GeI2,-0.594992870555555,0.0,4.739246027910595,343.1439610400316,9,1
GeI4,-0.586300152499999,0.0,4.142400755833911,1860.8356559137856,40,1
GeO2,-2.156655663333334,0.0,6.20512814957392,56.00426327829353,6,1
GeS,-0.50118695875,0.0,3.958290699903206,175.6988115830953,8,1
GeS2,-0.6633624314583321,0.0,2.768684046510788,1312.4613676311556,48,1
GeSe2,-0.5793224153125001,0.0,4.115928916643514,1488.2818239048045,48,1
HfI4,-1.216609491000001,0.0,5.243518504521639,869.1178930023002,20,1
HfS2,-1.806995168541668,0.0,5.79919885634548,69.47166295179909,3,1
HfS3,-1.373804485859373,0.0,5.431896671846112,167.9432437929641,8,1
HgBr,-0.689096676250002,0.0,7.337680531987949,126.95326347785604,4,1
HgBr2,-0.8287702491666711,0.0,5.774534549074684,207.27383454880425,6,1
HgCl,-0.621251812500002,0.0,6.920946901522058,113.267339996862,4,1
HgCl2,-0.683485675,0.0,5.308672819229549,339.6929744266541,12,1
HgF,-1.314067998750001,0.0,9.86323787350034,73.9382192262809,4,1
HgI,-0.443566703750002,0.0,7.187592340905009,151.3211478162347,4,1
HgI2,-0.564617394374998,0.0,5.894833826436059,256.0028709572018,6,1
HgO,-0.635057482500004,0.0,10.77019190675644,133.5742810249583,8,1
HgS4,-0.185582542,0.0,0.9817048101229012,2224.979510828908,20,1
HgSe,-0.23692071328125,0.0,8.307718381660244,167.628586361131,6,1
Ho2O3,-4.027559444749998,0.0,8.612953640267063,582.7960001301811,40,1
Ho2S3,-2.376410549020833,0.0,6.046408249359246,702.0518684032684,30,1
Ho2Se3,-2.184930186937501,0.0,6.61308896811743,569.2317026956865,20,1
I,0.0,0.0,4.84113681051981,174.11598837963092,4,1
I2O5,-0.7564620653571411,0.0,5.159777653138838,429.70673644895584,28,1
ICl,-0.464540954999999,0.0,3.599104829594085,599.2621717471073,16,1
ICl3,-0.195612978749998,0.0,3.015914188071446,256.8661311901365,8,1
IF7,-1.692126078749999,0.0,2.922964710438197,295.29125934113586,16,1
In5Cl9,-1.120648401607141,0.0,3.754387779129696,790.0828490560066,28,1
In7Cl9,-1.022579103125,0.0,4.075167849986771,1830.067682342686,64,1
InBr,-0.934811325833333,0.0,4.971175859765129,130.0873263179074,4,1
InBr2,-1.152392488888888,0.0,4.175212022338988,873.7802042419324,24,1
InBr3,-1.239028326666666,0.0,4.47478553312914,263.1236339364951,8,1
InCl,-0.910675994374999,0.0,4.257002267367651,1875.7302000224524,64,1
InI,-0.6524206583333321,0.0,5.312211809671205,151.119578469854,4,1
InI2,-0.763738817222221,0.0,4.566471092825289,1072.3719431102218,24,1
InI3,-0.7810132685416661,0.0,4.39154900218926,749.4843069014399,16,1
InS,-0.683356846406249,0.0,4.920436511985393,198.2791235088956,8,1
IrBr3,-0.708474681249999,0.0,6.516801717706128,220.1187053301764,8,1
IrCl3,-0.624767009999999,0.0,5.344511780386393,371.0700866400312,16,1
IrF3,-1.485668521250001,0.0,8.501165743894461,97.35761479811586,8,1
K2O,-1.233878036499999,0.0,2.413811104778204,129.6009765025592,6,1
K2O2,-1.284958853625,0.0,2.434651554559929,150.3161849315957,8,1
K2P3,-0.549982655785713,0.0,1.977432395536569,574.7815911954909,20,1
K2Pt,-0.030913012499998,0.0,4.19612377202133,108.14578813658052,3,1
K2S,-1.247886656770833,0.0,1.79720207513612,101.87707708492104,3,1
K2S3,-0.9450748251874992,0.0,2.12611636609544,272.4065994738514,10,1
K2S5,-0.700578589866071,0.0,2.110672500110484,750.6127739044418,28,1
K2Se,-1.239938295614582,0.0,2.311697321907826,112.88877285139448,3,1
K2Te,-1.222004715833333,0.0,2.495220889363191,136.9551271112786,3,1
K3As11,-0.25697280155357,0.0,3.562926532516817,1755.0577375645348,56,1
K3As7,-0.3454302726125,0.0,3.205285045854789,5319.436890725594,160,1
K3P11,-0.374327798856292,0.0,1.954990444712359,1556.0942020279083,56,1
K4Sn9,-0.216400631846152,0.0,3.986222084985664,2040.8299471078512,52,1
KH,-0.289571701249999,0.0,1.459479754451464,45.63131357684779,2,1
KI,-1.669989291124999,0.0,3.100477184592222,88.90698700144401,2,1
KN3,-0.221112333750001,0.0,2.057829582410366,130.91489535524028,8,1
KP,-0.536587557113094,0.0,2.079296273351812,447.6799113986769,16,1
KS,-1.099480114947915,0.0,1.932581590949447,366.8753970696398,12,1
KS3,-0.618411601796874,0.0,1.990182734819924,903.072089486542,32,1
KSi,-0.1373072734375,0.0,1.774655569810547,2011.6367627018603,64,1
KrF2,-0.009234352222222,0.0,3.695848893438977,54.72221402103786,3,1
La2O3,-3.8759289195,0.0,6.615226585908185,81.78386608522705,5,1
La2S3,-2.508305558187499,0.0,4.927142517339004,504.1879526114183,20,1
LaBr3,-2.423042803749999,0.0,4.962730462902288,253.3722534125192,8,1
LaCl3,-2.703267628124999,0.0,3.780331417017139,215.46853392303896,8,1
LaI3,-1.83098206,0.0,5.211400295711964,331.13842768628007,8,1
Li2O2,-1.650170236666666,0.0,2.414495373744071,63.10789545123132,8,1
Li2S,-1.503453288055556,0.0,1.673940199901922,45.57916017402562,3,1
Li2Se,-1.451676987465277,0.0,2.924458277403507,52.71669259653644,3,1
Li2Te,-1.178086924444443,0.0,3.400299879294002,69.09284373750016,3,1
Li3P7,-0.426096096083331,0.0,2.016029104493912,782.9438513326726,40,1
LiC,-0.099880555833332,0.0,1.369204979131098,45.96833740475323,4,1
LiH,-0.489362137708333,0.0,0.8143955033141881,16.207758213722748,2,1
LiN3,-0.205821525729167,0.0,1.931723590704999,42.087708451102685,4,1
LiP7,-0.190700947499999,0.0,2.189873519980373,1357.3671398103197,64,1
Lu2S3,-2.354043240354164,0.0,6.310200559334407,234.79907691597413,10,1
Lu2Se3,-2.148499361604166,0.0,7.26103247248484,536.7983550660795,20,1
Mg3As2,-0.78755513925,0.0,3.132694630713741,944.6147476461048,40,1
Mg3N2,-0.9422394225,0.0,2.73722024386655,489.827010464277,40,1
Mg3P2,-0.647706519857142,0.0,2.068073438608592,866.2922139668336,40,1
MgB7,-0.157891229375,0.0,2.636296109595186,251.90496067954192,32,1
MgH2,-0.2827190725,0.0,1.457555666854439,59.97280309933501,6,1
MgI2,-1.3037782916666671,0.0,4.263115800501802,108.32899783808094,3,1
MgS,-1.66198437625,0.0,2.649386380469676,35.33066670617066,2,1
MgSe,-1.474296713671875,0.0,3.260005132094054,105.19956856773544,4,1
MgSe2,-1.1332529465625,0.0,4.489727594922995,269.58582676896225,12,1
MgTe2,-0.849417595277775,0.0,5.214696303880582,356.0161089071634,12,1
MnBr2,-1.169033052643679,0.0,4.237394852087011,84.15411109132559,3,1
MnCl2,-1.58313891316092,0.0,2.918073685479806,71.61195211117794,3,1
MnF2,-2.966967116810346,0.0,4.015086403850772,153.74209755521997,12,1
MnF4,-2.396533066086208,0.0,3.697204650692276,470.4465202723201,40,1
MnI2,-0.7063810159770101,0.0,4.767267673406124,107.54303416765336,3,1
MoBr2,-1.046118486666666,0.0,4.635221919668818,1099.441327896964,36,1
MoCl2,-1.077223398611112,0.0,3.495750124880732,951.0552798406188,36,1
MoF3,-2.547664713749999,0.0,4.589391332934936,110.67040126955314,8,1
MoI2,-0.6431185194444441,0.0,5.168881205089096,1348.3113780215317,36,1
MoS2,-0.966142545208332,0.0,4.669644630696905,56.92135256789191,3,1
MoSe2,-0.749936842708334,0.0,6.512714079136082,129.4527726305449,6,1
NO2,-0.685685905,0.0,2.001559698678917,229.00320208951547,18,1
NO3,-0.56358408953125,0.0,1.8270775793722824,901.6502425680386,64,1
Na2O,-1.425738685919539,0.0,2.494753648201913,41.25395267113869,3,1
Na2O2,-1.2980963948563211,0.0,2.6929727082185853,144.24885606779526,12,1
Na2S,-1.269244534270833,0.0,1.889080802384308,68.60267970013784,3,1
Na2S5,-0.607518609508928,0.0,2.132525901252682,642.57460262411,28,1
Na2Se,-1.2695772096875,0.0,2.686924163065691,77.2135617348962,3,1
Na2Te,-1.127802620000001,0.0,3.005584104098432,95.90002973074064,3,1
Na3As7,-0.357265993125,0.0,3.601140324989667,2189.0797853155223,80,1
Na3P11,-0.298578826088434,0.0,2.132719233638486,1275.9125150296695,56,1
NaH,-0.292902834375,0.0,1.466045132012539,27.18138268611537,2,1
NaI,-1.450042413189654,0.0,3.732330356022161,66.68896277659789,2,1
NaN3,-0.1669623215625,0.0,1.921670516506478,56.17582560462735,4,1
NaP15,-0.096047332790178,0.0,2.2516161792900222,719.1923251194828,32,1
NaP7,-0.190906175572916,0.0,2.091801571441959,1522.926106728392,64,1
NaS,-1.00427061140625,0.0,2.094029042503947,174.63099763463234,8,1
NaS2,-0.705851476458332,0.0,2.162325110475751,535.223051008419,24,1
NaSe2,-0.6857838314583321,0.0,3.775833329419609,636.4851691485202,24,1
NaSi,-0.069361268125,0.0,1.7786768064981051,381.4632525333722,16,1
Nb2O5,-3.034205274693879,0.0,4.300420662212256,1436.934978242596,98,1
NbBr5,-1.318179669791667,0.0,4.08870142885932,1599.9079524719216,48,1
NbCl4,-1.412415387999999,0.0,2.944121327402491,264.77104459749734,10,1
NbCl5,-1.370875040972222,0.0,2.599826445139612,1035.3694155376024,36,1
Nd2O3,-3.781547341499998,0.0,6.487107728262266,689.0489404160858,40,1
NdBr3,-2.310550521874999,0.0,5.090151941172257,250.5114283997206,8,1
NdO2,-3.159657924166664,0.0,6.708597366830175,87.24766669582291,6,1
NiO,-1.218085299999999,0.0,6.762154477618838,18.34183362776642,2,1
O2,0.0,0.0,1.974484493998944,107.6438082346079,8,1
OF2,-0.496055719166667,0.0,2.19628815325912,163.29880947970207,12,1
P,0.0,0.0,2.232614319007421,1935.1232668474008,84,1
P2Pt,-0.789592848650793,0.0,9.109869824238285,187.4059213509884,12,1
P2S5,-0.215660227502126,0.0,1.921438561880109,768.3664039148517,28,1
P2S7,-0.174099205071096,0.0,1.997026671381243,952.5813284124192,36,1
P3N5,-0.489872645959822,0.0,2.763378388306106,195.8420094674841,16,1
P3Ru,-0.591826474732142,0.0,5.276158455643308,244.2156441593808,16,1
P4Os,-0.461389905047618,0.0,6.680598971005209,234.23808984740512,15,1
P4Ru,-0.514703536714284,0.0,4.800200227408077,233.4672928999384,15,1
P4S3,-0.15439880469175,0.0,1.942425809305307,1505.202911217807,56,1
P4S7,-0.221087734690204,0.0,2.033362539496993,1137.9158459348423,44,1
P4S9,-0.218669315939789,0.0,1.927714130506903,1421.2464868262073,52,1
PBr3,-0.7874999842857141,0.0,3.219462432132015,558.4588011803313,16,1
PBr5,-0.7813882074404751,0.0,3.370361053255473,848.3977810485536,24,1
PBr7,-0.720567094330356,0.0,3.511166888722397,1116.6876060858342,32,1
PCl5,-0.650811190079366,0.0,2.194878120865734,472.63025157637736,18,1
PI2,-0.313406983214285,0.0,3.904236009133053,242.2460123090321,6,1
PI3,-0.341758141160712,0.0,3.905252359286758,350.1042029708565,8,1
PSe,-0.090475402269344,0.0,3.169265900767657,921.5979334272434,32,1
PaBr5,-1.884624831249997,0.0,4.542506494797352,922.013142843995,24,1
PaCl5,-2.01935245125,0.0,3.523176061933344,384.87975068444695,12,1
Pb3O4,-1.44698115428571,0.0,8.662164587521179,525.7169093310843,28,1
PbCl2,-1.308738062500002,0.0,5.772894416406985,319.9822095088894,12,1
PbF4,-1.990905017999998,0.0,6.486087829728194,72.5019564660598,5,1
PbI2,-0.9218665316666632,0.0,5.697440278090774,268.7253638919844,6,1
PbO,-1.469972337031249,0.0,8.81022542720316,84.13662656060738,4,1
PdCl2,-0.5866676483333321,0.0,3.975667931550937,444.3883477094757,18,1
Pm2O3,-3.836100897500001,0.0,6.727381849100269,667.4325651552468,40,1
Pr2O3,-3.729270369416666,0.0,6.169147440454104,710.2027717486561,40,1
PrBr3,-2.306216135416666,0.0,5.105600024557783,247.5845327877448,8,1
PtCl2,-0.475064009999998,0.0,5.766771747723599,459.5501320120263,18,1
PtF4,-1.375093648,0.0,7.128942063800023,126.2838053968214,10,1
PtI2,-0.415801788333337,0.0,7.190972117054134,414.6333772164832,12,1
PtS2,-0.440054991874996,0.0,7.051273539602691,61.04357903464705,3,1
Rb2O2,-1.23299356125,0.0,3.805924364992925,88.54103940072844,4,1
Rb2S,-1.160750764166667,0.0,2.866265052449509,117.60616016832168,3,1
Rb2S3,-1.086621892499998,0.0,2.893271352854191,306.6292394225025,10,1
Rb2S5,-0.955290041071428,0.0,2.621350498819616,839.3706492482418,28,1
Rb2Se,-1.207288049114582,0.0,3.172724428981697,130.79024531122957,3,1
Rb2Te,-1.137773643888888,0.0,3.158986458882483,156.9269235634012,3,1
Rb3As11,-0.267541365000003,0.0,3.770495795963541,1903.495604460162,56,1
Rb3As7,-0.356747705812501,0.0,3.538634361845165,5862.779529256382,160,1
Rb3P11,-0.317348992397957,0.0,2.334409870754321,1698.986001005808,56,1
RbGe,-0.191718121093749,0.0,3.642309487163144,2306.617201504555,64,1
RbH,-0.235469759374999,0.0,2.6483681718257923,54.22068808663736,2,1
RbI,-1.69585045125,0.0,3.506111301341046,100.58221792977244,2,1
RbI3,-1.074112831874999,0.0,4.231923268152993,731.6882299311791,16,1
RbS,-1.15946500333333,0.0,2.796485592496512,418.7423096987641,12,1
RbSi,-0.005613324374999,0.0,2.684472685563524,2247.7077668818056,64,1
Re2O7,-2.025868364583333,0.0,5.837607744971917,1102.3438809662773,72,1
ReF7,-2.104480786562499,0.0,4.945622662431141,214.34596578387672,16,1
ReS2,-0.902182740833333,0.0,7.113031380529443,467.5299135649283,24,1
ReSe2,-0.463165817708329,0.0,8.62376120443585,265.0520179422062,12,1
RhBr3,-0.8457965725000001,0.0,5.239712257895749,217.1606819796268,8,1
RhCl3,-0.784634455624997,0.0,3.788441960880535,183.4484366347528,8,1
RuO4,-1.181973681749999,0.0,3.612849510630859,606.9473917988681,40,1
S,0.0,0.0,1.9196195297959864,887.5956414230244,32,1
SBr,-0.311568478749999,0.0,2.937924414810992,253.14320247425,8,1
SCl,-0.170923770781249,0.0,1.926611715763964,465.5479909369948,16,1
SO2,-1.521880410833333,0.0,2.037555773121775,104.41966208548168,6,1
Sb2F7,-2.679369363611093,0.0,4.6332569565269,539.7564731513775,36,1
Sb2O3,-1.751737501999998,0.0,5.832523086050206,331.9848734985325,20,1
Sb2S3,-0.287243025187498,0.0,4.375422722175947,515.7079119701428,20,1
Sb7F29,-2.644929547430555,0.0,3.8966507127328462,2391.993493707019,144,1
SbBr3,-1.008689353124999,0.0,4.138990220460299,580.0819480218846,16,1
SbCl3,-0.94430403125,0.0,3.065501346665006,494.275445999496,16,1
SbCl5,-0.7330447383333331,0.0,2.813941454748994,1411.6646060338362,48,1
SbF4,-2.658436449250035,0.0,4.292000238764191,1224.1475539535031,80,1
SbI3,-0.643452289999999,0.0,4.741073521538678,351.97797437316626,8,1
SbO2,-1.839006646249989,0.0,6.645553853260452,153.68018971557615,12,1
Sc2O3,-3.968732640749999,0.0,3.818904932303188,479.7291089194625,40,1
Sc2S3,-2.171633972687499,0.0,2.883972633977312,428.62771743663023,20,1
ScCl3,-2.343001440624999,0.0,2.322312633108773,216.39147042729127,8,1
Se,0.0,0.0,3.929868468906878,2135.296539085758,64,1
Se2O5,-1.022062649955356,0.0,3.606510002362265,438.1748259114776,28,1
SeBr4,-0.6701583147187501,0.0,3.351731375743245,3159.4466014742425,80,1
SeCl4,-0.349825507562499,0.0,2.554551721791184,1148.0700200639965,40,1
SeO2,-1.154143574114583,0.0,4.137816735565543,356.22925606998524,24,1
Si7Tc4,-0.553621656590911,0.0,6.574545046632411,594.6515215027969,44,1
SiAs,-0.119684392083333,0.0,3.55907857134658,288.35662420758007,12,1
SiB3,-0.0441499209375,0.0,2.468922187401574,325.62657183715186,32,1
SiC,-0.305946444868422,0.0,3.227670169340689,391.9374525744493,38,1
SiI3,-0.656745092499998,0.0,3.774429609972908,359.69755994118,8,1
SiI4,-0.6804652657499981,0.0,3.850226271145877,1848.3202371953128,40,1
SiP,-0.169962202321427,0.0,2.259448359192474,520.8539229316051,24,1
SiP2,-0.142390731567459,0.0,2.27561472762978,525.5840606792137,24,1
SiS2,-0.7497998852083321,0.0,1.955009195063587,156.65137604743768,6,1
Sm2O3,-3.86195246725,0.0,7.079480081162786,654.3533566824561,40,1
SmBr3,-2.2959937075,0.0,5.288853386794035,244.9414825542865,8,1
Sn3F8,-2.537928646818182,0.0,4.9635349557834445,339.9788703162375,22,1
SnBr2,-1.173346578333331,0.0,4.652505947406003,397.626590899177,12,1
SnBr4,-1.117422941499999,0.0,3.67899472345487,791.3655785001996,20,1
SnCl2,-1.055039141666666,0.0,3.783777170456363,665.7152606361321,24,1
SnCl4,-1.025306462999999,0.0,2.601814489829774,665.0850172443597,20,1
SnF2,-2.375956695416668,0.0,5.020367680433202,414.6593087889037,24,1
SnF4,-2.571479624,0.0,5.00391189700986,64.61203996332524,5,1
SnI2,-0.7447498127777771,0.0,5.117978698029424,362.5936855637524,9,1
SnI4,-0.6773522655,0.0,4.14370869969513,2007.944068688568,40,1
SnS2,-0.473969728541665,0.0,4.169006438095262,72.82621589710445,3,1
SrC2,-0.127321634999998,0.0,3.197374714442928,115.96070070393138,6,1
SrH2,-0.647579579999999,0.0,3.332786708820721,178.64195163180634,12,1
SrI2,-1.961197940833329,0.0,4.242869103781365,534.5025542574858,12,1
SrO,-3.075623527499999,0.0,4.987595380591106,34.49840025661019,2,1
SrO2,-2.204479133333331,0.0,4.7311038520642335,41.98421694191871,3,1
SrS,-2.42499030140625,0.0,3.5934057106330632,55.30731406084619,2,1
SrSe,-2.35255396453125,0.0,4.46861550539798,61.901185586472266,2,1
SrTe,-2.0176923,0.0,4.728243242961414,75.58435544653058,2,1
Ta2O5,-3.346563131380951,0.0,8.7289892060389,168.1248937093548,14,1
Ta3N5,-1.286734426343752,0.0,9.899638880272295,205.6047591845259,16,1
TaBr5,-1.386689973513888,0.0,4.785676459179465,1611.2908590761622,48,1
TaCl5,-1.8545025495555567,0.0,3.469387390684242,1028.700022943217,36,1
TaI5,-0.7686997330972211,0.0,5.348869232978805,2025.280657400065,48,1
Tb2O3,-3.9821810734166654,0.0,8.013812686078552,606.4592869538722,40,1
TbCl3,-2.539397689374999,0.0,4.451142188422853,197.9334778737647,8,1
Tc2O7,-1.799278561388888,0.0,3.708062960045716,551.7048267620728,36,1
TcS2,-0.726010757708332,0.0,4.694071105098641,229.4155268124772,12,1
Te2O5,-1.417868102619037,0.0,5.655033925776998,196.85389011371583,14,1
Te3Cl2,-0.3329571455,0.0,4.614888003138834,653.013929905466,20,1
TeCl4,-0.639768098499999,0.0,2.810536219551089,1273.40583024344,40,1
TeI4,-0.425142452833333,0.0,4.305102813165743,3920.2003865394863,80,1
TeO2,-1.4950600038888862,0.0,5.657354018806982,187.3809144709436,12,1
Th2S5,-1.989385025580357,0.0,6.902497784671614,600.8505821132239,28,1
Th3N4,-1.8844950049999951,0.0,10.490056740910427,119.0612702798796,7,1
ThBr4,-2.171205707999996,0.0,5.704557633137897,321.16184173762616,10,1
ThCl4,-2.419985290999997,0.0,4.558860602420271,272.34551955862787,10,1
ThI4,-1.5396167125,0.0,5.62197228604971,873.8766551805696,20,1
ThS2,-2.284807075208329,0.0,7.252511887947037,271.2432004290562,12,1
ThSe3,-1.585264253046872,0.0,6.455077314213163,241.2540453852632,8,1
TiBr4,-1.658768930916667,0.0,3.256784298476501,1498.950674987776,40,1
TiCl4,-1.725360933333334,0.0,2.000567383851006,629.7601213658072,20,1
TiI4,-1.031189425666664,0.0,4.577633696087508,403.0048734279414,10,1
TiO2,-3.508055451944444,0.0,3.856139057916947,68.78397225482972,6,1
Tl2Cl3,-1.270174805520836,0.0,5.444581133498326,5027.449712848124,160,1
Tl2S5,-0.498485183452379,0.0,4.966393972270764,761.1146755977738,28,1
Tl4O3,-0.932556454761906,0.0,10.140302815189877,283.472541059826,14,1
TlBr,-1.151021851666669,0.0,6.905637602678177,136.72022626995474,4,1
TlBr2,-1.00917739402778,0.0,5.42036954602821,892.5647983672633,24,1
TlBr3,-0.7912007239583361,0.0,3.087173061350214,955.4859158053408,16,1
TlCl,-1.325818244166667,0.0,6.469049477403585,123.1270674710134,4,1
TlCl2,-1.225642896111116,0.0,4.7913594278790175,381.6275060535992,12,1
TlF,-1.871560961250001,0.0,8.620321740484021,172.12074263317166,8,1
TlF3,-1.974226001249999,0.0,8.700470256194109,199.542881513323,16,1
TlI,-0.8661446141666691,0.0,6.30107844672892,87.30510007495263,2,1
TlI3,-0.624703427083337,0.0,5.829056916088589,666.7122717656202,16,1
TlP5,-0.044324999146825,0.0,4.187217332573166,569.8793408909415,24,1
Tm2O3,-4.090072903500003,0.0,9.150946297529504,560.1576721567083,40,1
Tm2S3,-2.3810565144375,0.0,5.924843321750607,973.2298083170724,40,1
Tm2Se3,-2.1730045684375,0.0,6.910574869935303,552.4242036816597,20,1
UCl6,-1.6416696223809542,0.0,3.383824291057771,663.5830842477886,21,1
UF6,-3.482456654642856,0.0,5.482936843457232,426.4443418001122,28,1
UO3,-3.612179313749998,0.0,6.71581326426754,70.7225129067815,4,1
V2O5,-2.2890218171428582,0.0,3.437530505956599,175.71849611799263,14,1
VBr2,-1.208906696666668,0.0,4.310131989266903,81.19421374748661,3,1
VCl2,-1.609167691666666,0.0,2.896771909691129,69.84758904925907,3,1
VCl5,-1.084708117916666,0.0,2.504492989094516,302.6127924111765,12,1
VF3,-3.238528048750001,0.0,3.61502830984717,99.16001073786146,8,1
VF4,-3.037462301,0.0,3.372005030603369,125.01803040902442,10,1
VF5,-2.841025762916667,0.0,3.015474210475684,642.892726964188,48,1
VI2,-0.7411700000000001,0.0,4.84397024184427,104.47009083830956,3,1
WBr2,-0.848889397777778,0.0,6.167604192138846,1110.267607418042,36,1
WBr6,-0.9345107228571432,0.0,4.953223801878239,222.3553442208176,7,1
WCl6,-0.946381717857144,0.0,3.448793954493857,190.936327267311,7,1
WI4,-0.388383996749999,0.0,5.035667183216293,5472.289319557744,120,1
WS2,-0.8835800085416661,0.0,7.226424612305195,113.96060830514946,6,1
WSe2,-0.603619506041667,0.0,8.65592175403535,131.12545319316163,6,1
XeF2,-0.7818107566666681,0.0,4.396080864795752,63.94612513967291,3,1
XeF3,-0.835122395625,0.0,4.212742090005931,296.87070429752225,16,1
XeF4,-0.857616325999999,0.0,4.206398571989196,163.65901264311847,10,1
XeF6,-0.7935726327678571,0.0,3.384029819926771,1925.7641174315104,112,1
Y2S3,-2.382647370687501,0.0,3.8050672458027313,717.4624790592753,30,1
Y2Se3,-2.1991457209375,0.0,4.735804012405395,581.6218463778948,20,1
YI3,-1.710965791249998,0.0,4.303066624414245,362.44901402796,8,1
YbC2,-0.377014445,0.0,8.48846997089982,38.54972148581464,3,1
YbS,-2.156742438906249,0.0,8.742442293735122,38.957633783760606,2,1
YbTe,-1.327878997500001,0.0,9.08947672683438,54.923344872955134,2,1
ZnBr2,-1.267659339375001,0.0,3.959272109419705,1511.314672503336,48,1
ZnF2,-2.561514461666667,0.0,4.95609014470292,69.29227525209552,6,1
ZnI2,-0.8721765856249991,0.0,4.378271017384577,1937.107531351394,48,1
ZnP2,-0.315425149067459,0.0,3.598571490192827,470.1431866833324,24,1
ZnS,-0.962698349620534,0.0,4.141139565305906,1094.3999128517012,56,1
ZnSe,-0.951561031171876,0.0,5.274845268778988,45.44784771695639,2,1
ZnTe,-0.6841630333333321,0.0,5.616959252306423,171.17748428055455,6,1
ZrCl2,-1.87860569,0.0,4.0270939931277,66.85297123118846,3,1
ZrCl4,-2.006411403,0.0,2.651727904181665,291.8590412794383,10,1
ZrI4,-1.227871009333331,0.0,4.502556509294867,1325.1143003803224,30,1
ZrO2,-3.813617754999999,0.0,5.777331384412114,141.66836532722778,12,1
ZrS2,-1.8483086849999992,0.0,3.618665179720018,71.28910063255313,3,1
ZrS3,-1.574733515624998,0.0,3.608861478892194,172.4735477620155,8,1
Ag2PSe3,-0.169408026902281,0.0,5.793370047018977,1108.8818421155377,48,1
AgAuF4,-1.254503722499999,0.0,7.222443125335128,175.11537153700115,12,1
Al(SeCl)4,-0.843153536805556,0.0,2.9801629867040083,2160.292379766617,72,1
Al2HgTe4,-0.477004048214285,0.0,5.503380227317927,230.80986890588417,7,1
AlAgSe2,-0.7432121020312501,0.0,4.941582476882665,196.7610945432424,8,1
AlAgTe2,-0.439261488750002,0.0,5.285977139432593,245.06077562489887,8,1
AlCuTe2,-0.425194206250001,0.0,5.249753008760489,218.71279783515297,8,1
Ba(AuO2)2,-1.445636781428571,0.0,9.09688780849218,217.3158006240782,14,1
Ba(BeN)2,-1.107963756,0.0,4.478603722728969,135.9728937457125,10,1
Ba(MgAs)2,-0.928578429000002,0.0,4.104683991764778,135.8389929674064,5,1
Ba(MgP)2,-0.918071875857142,0.0,3.257013304267086,126.38018259497746,5,1
Ba(SbSe2)2,-1.065743429196428,0.0,5.320731343873672,1739.424009106401,56,1
Ba2As2Se5,-1.294868916857641,0.0,4.976330148320431,1093.5568719974654,36,1
Ba2BrN,-1.41151841,0.0,5.124717030741697,119.42436611590482,4,1
Ba2NCl,-1.543993426250001,0.0,4.758777158855021,113.09700851799626,4,1
Ba2SiTe4,-1.3028846888095251,0.0,5.001523244713841,539.9354717675992,14,1
Ba2SnSe5,-1.5117992986523432,0.0,5.132330094499807,4080.102686427927,128,1
Ba3(AlAs2)2,-0.950413470833332,0.0,4.745296093723967,1071.6796531636242,36,1
Ba3(InP2)2,-0.785818917433863,0.0,4.6027329881611525,552.3512508444768,18,1
Ba3(TaS4)2,-1.84273351548717,0.0,5.089566194332099,1008.5421873381878,39,1
Ba3Zr2S7,-2.149402541875,0.0,4.184248212763276,1299.9122459952446,48,1
Ba4GeP4,-0.917253411230157,0.0,4.284293261651865,2312.636307774129,72,1
Ba4P2O,-1.507804984183673,0.0,4.571226724273718,455.71194291821166,14,1
Ba4Sb4Se11,-1.306427226488487,0.0,5.255461820061556,2407.53278062389,76,1
Ba4SiAs4,-0.9948720494444392,0.0,4.795156075045837,2429.8277940255766,72,1
Ba4SiP4,-0.969867989007936,0.0,4.120065900140862,2261.161950586033,72,1
Ba4TiAs4,-1.101933833842593,0.0,4.7685809744612975,2498.476423072692,72,1
Ba4TiP4,-1.069673364933862,0.0,4.096011687036275,2338.596812599442,72,1
Ba6Pr3I19,-1.906666941607144,0.0,5.153187515241578,2357.3897974076367,56,1
BaHgS2,-1.404814385624999,0.0,5.803646072710984,460.1347096257203,16,1
Bi2Se4Cl7,-0.6955102997115381,0.0,4.235366667354257,1539.9871267515302,52,1
Ca2Pt3O8,-1.8014381423076862,0.0,7.618115266071504,172.94002035294054,13,1
Ca3(AlAs2)2,-1.143821291666667,0.0,3.605650457798824,436.4827018685765,18,1
Cd(GaTe2)2,-0.469118834285715,0.0,5.496361772578052,230.2900681691512,7,1
Cd(InS2)2,-0.7876428866071431,0.0,4.789859607424008,326.0902033892593,14,1
Cd2GeO4,-1.761721731071428,0.0,6.186916845450345,388.0561525497079,28,1
Cd3(ClO)2,-1.4199080907142871,0.0,5.584657198635915,261.74068903133235,14,1
Cd4Sb2I3,-0.492905227499999,0.0,5.557658484517503,2566.8585387344656,72,1
CdPSe3,-0.581421915334821,0.0,4.825860987294309,261.691952841095,10,1
Ce(SO4)2,-2.428795551931832,0.0,3.8646143912077,1142.053382379827,88,1
Co3TeO6,-1.417656873666668,0.0,6.13513610629714,650.2282886795527,60,1
Cs(SbSe2)2,-0.6016597880357121,0.0,5.00698191032234,459.1723508996853,14,1
Cs2Hg3Se4,-0.805449093465041,0.0,6.251086252754691,628.728052544469,18,1
Cs2MnS2,-1.319898979021553,0.0,3.820468986199854,334.5696733583736,10,1
Cs2MnTe2,-1.130425235896555,0.0,4.270793439780648,447.8726228907591,10,1
Cs2PdSe8,-0.5860474318181801,0.0,4.372583628733966,1524.986979497323,44,1
Cs2SiAs2,-0.443840688862069,0.0,4.074434890785969,361.6928321391662,10,1
Cs3AlP2,-0.6025924699503941,0.0,3.477342350851155,1862.9267665576697,48,1
Cs3Au2Br11,-1.199117871185345,0.0,4.336914902603061,2560.111380647289,64,1
Cs3Cr2Br9,-1.625175163140391,0.0,4.221670542583215,961.1932516225604,28,1
Cs3GeTe3,-0.993906799852216,0.0,4.4054778590924535,1287.814891360479,28,1
Cs3Sb5O14,-1.957637219952978,0.0,5.662815094418961,1444.487970856748,88,1
Cs3SnTe3,-1.04323173628079,0.0,4.430865701213335,1349.497938530115,28,1
Cs4GeTe6,-0.931744778056426,0.0,4.408793727587757,2063.7926724756835,44,1
Cs4Re6Se13,-0.929616752134326,0.0,6.686120528550767,1328.876106895165,46,1
Cs4Sn2Te7,-0.896056102714413,0.0,4.397516104598284,1255.3529738159982,26,1
Cs4Zr3Te16,-1.033387468055971,0.0,5.021625200428186,3765.616267481155,92,1
CsAuSe3,-0.580733772437503,0.0,5.701850689530211,330.10821328837363,10,1
CsCuO,-1.185304593218391,0.0,4.526602670573323,155.8709544382072,6,1
CsCuSe4,-0.5096873618750001,0.0,4.695883409828323,724.6176236699068,24,1
CsNaGe2,-0.185317320571121,0.0,3.876455039607924,1032.1042613446507,32,1
CsPt2Se3,-0.7859265695312461,0.0,7.2947816889734,345.9822238642118,12,1
CsSbSe2,-0.8353274714062481,0.0,4.63573088848448,591.159648971551,16,1
CsSnSe3,-0.9688896639924572,0.0,4.205213588085478,385.7905263288533,10,1
CsTaI6,-1.021720585873563,0.0,5.152229128458724,693.1154089816937,16,1
Cu3P15I2,-0.122846464482142,0.0,3.376224896618584,1788.4100505522883,80,1
Cu3PS4,-0.362578313028272,0.0,4.248498235589031,273.49698499786626,16,1
CuPS3,-0.301248878782739,0.0,3.013374958658294,420.37823665904114,20,1
CuSe3Br,-0.5358364734062491,0.0,4.8202027256662685,524.0881839571858,20,1
Dy2CdS4,-1.941305193333331,0.0,5.293364752627914,354.90423888750905,14,1
Dy2ZrS5,-2.178785511666667,0.0,5.899146136650949,649.1665852188473,32,1
Dy3Se3N,-2.152805241919643,0.0,7.567030726028321,648.1379584678403,28,1
DyMn2O5,-2.6523155571910912,0.0,6.7207706836337415,348.25130004119944,32,1
Er2CdS4,-1.9526325049999984,0.0,5.507140058985257,346.86744660515416,14,1
Er2Mn2O7,-2.915723314623823,0.0,7.778680357968908,237.5485573616032,22,1
ErMn2O5,-2.657208089795258,0.0,6.9219810694281865,342.69483342028064,32,1
Eu(AlS2)2,-1.6562228723214272,0.0,3.433449314104583,323.2496807008736,14,1
Eu(AlSe2)2,-1.4497954123214272,0.0,4.666713317926713,371.3168374959107,14,1
EuSO4,-2.609153254166668,0.0,5.386262623005255,305.85798553296405,24,1
Fe(SiP)4,-0.281895123174603,0.0,3.396639507818292,142.79220689747766,9,1
Fe3BO5,-1.9660454046296287,0.0,4.8332174578230624,355.03359641994285,36,1
FeAgO2,-1.219109076041666,0.0,7.243436164392254,44.86647144072492,4,1
FeTeBr7,-0.8458126296296281,0.0,3.885278258827466,634.911325238213,18,1
Ga2Te2Br7,-1.009783310757574,0.0,3.948426761089052,1604.8023087390277,44,1
Gd2HfS5,-2.147484963320313,0.0,6.620334872307802,655.4684022608096,32,1
Gd3Se3N,-2.096541347276781,0.0,7.168286120925683,669.5974190014309,28,1
GdMn2O5,-2.624079486670259,0.0,6.459987829883305,356.9117880981024,32,1
GdScS3,-2.262785510687499,0.0,4.588943873902729,431.9132118420603,20,1
GePtS,-0.751083493333332,0.0,9.697536277919973,205.33518286305315,12,1
HfSnS3,-1.287100282687501,0.0,5.305913745266324,492.4676860327046,20,1
Hg(BiS2)2,-0.582541794642855,0.0,6.768877831478459,366.4148000992756,14,1
Hg2P3Cl,-0.246730585238097,0.0,6.555831247049422,268.26364091791896,12,1
Hg2SeO5,-0.91931130685547,0.0,7.585883234571847,980.9055503613972,64,1
Hg3(AsO4)2,-1.240190152115388,0.0,7.551790435270299,773.6571209326677,52,1
Hg6Sb5Br7,-0.60877720472222,0.0,6.8815761668702375,2289.154270188782,72,1
Ho2CF2,-2.6017212429999983,0.0,8.806585649485262,71.62661244213267,5,1
Ho2CdS4,-1.9445848871428544,0.0,5.392705261974087,351.359857781124,14,1
HoMn2O5,-2.653464195420227,0.0,6.819064983043372,345.59865596409134,32,1
In2TeO6,-1.821049162222222,0.0,6.755182694579025,334.23675145877587,27,1
In3Te3I,-0.608504545714287,0.0,5.276308764597717,1075.2695278328158,28,1
In4GeS4,-0.677109670740738,0.0,4.708280678747705,1862.661079869232,72,1
In4SnS4,-0.642703380833334,0.0,4.767076381351161,1968.069882096279,72,1
In5S5Br,-0.821630533712119,0.0,4.944836177512608,546.9174159192647,22,1
K(SbSe2)2,-0.7581178259464271,0.0,4.6243077833587485,429.7998461336102,14,1
K(SnSe2)2,-0.8701936988035711,0.0,4.188869724020158,469.6417713515071,14,1
K(TeO3)2,-1.614326674509258,0.0,4.967720187375412,521.8487132056738,36,1
K2(NbBr3)3,-1.508595819607144,0.0,4.169420433571146,857.1099894679957,28,1
K2(NbCl3)3,-1.876899119250001,0.0,3.042376512476452,737.9181037617641,28,1
K2(ReSe2)3,-0.9229454998693152,0.0,6.751657726118353,1092.5657467243127,44,1
K2(TcS2)3,-0.9956153549431792,0.0,3.905971045241661,960.0871024591668,44,1
K2AgAs,-0.384078838416666,0.0,3.640006601411066,238.1194104885925,8,1
K2CuAs,-0.3349658455,0.0,3.237559418185954,222.2534458596745,8,1
K2CuP,-0.426590162619048,0.0,2.745463209188628,208.92814413403624,8,1
K2Ga2Sb3,-0.429740458321426,0.0,4.303932943483237,1799.2208760030658,56,1
K2GaAs2,-0.4779932594,0.0,3.122502252029281,1266.7962347412029,40,1
K2GeTe4,-0.784129733738094,0.0,4.086447602935207,1074.7811431886032,28,1
K2In2As3,-0.399509748261901,0.0,4.266240065992982,1658.4135459592146,56,1
K2LiSn4,-0.287122640851189,0.0,3.827094123783893,3887.501696672313,112,1
K2MnCl6,-1.6414557374425272,0.0,2.54033577203331,226.0731965561247,9,1
K2P2Pd,-0.516321371757141,0.0,3.097220597193998,264.3850171311265,10,1
K2PbO3,-1.588238867416664,0.0,5.676722733642449,390.0948599940293,24,1
K2PdS2,-1.068710574624998,0.0,3.412676519986726,121.035042309117,5,1
K2PtBr6,-1.346559577166666,0.0,4.485859987732288,278.63005027523803,9,1
K2ReCl6,-1.486913343888888,0.0,3.308061788280559,239.4994734153692,9,1
K2ReF8,-2.78151324836363,0.0,4.442758081612841,622.5261156975879,44,1
K2SbAu,-0.6194334143749991,0.0,4.864789786357896,270.97015801647814,8,1
K2SiAs2,-0.440748686900001,0.0,2.865038003711464,296.8938394839368,10,1
K2TcCl6,-1.5662490636111102,0.0,2.723326600013872,237.13934526539072,9,1
K2TiS3,-1.605788210055553,0.0,2.307814138044572,319.84299090960377,12,1
K3Al2As3,-0.5576802861562501,0.0,2.931152546592913,448.70492569103305,16,1
K3AsSe4,-1.041859041390623,0.0,3.265902848373523,1033.27956214033,32,1
K3BiO4,-1.639996911468749,0.0,4.250628469313457,304.92591943230804,16,1
K3GeTe3,-0.975083446678569,0.0,3.546234879745465,1072.741889362395,28,1
K3IO,-1.445846300349999,0.0,2.911695034511509,148.3913038780024,5,1
K3Nb2Se11,-1.068875031408202,0.0,3.954864943224108,1967.804160630277,64,1
K3Sb2Au3,-0.5525112789062511,0.0,6.45996881931884,244.6388410500105,8,1
K4As2Se5,-1.021338617338067,0.0,3.213276730520143,1449.1105832894607,44,1
K4BeP2,-0.360037676183672,0.0,1.672436317121159,225.73558015523977,7,1
K7NbAs4,-0.447438780479166,0.0,2.824166377028373,783.5129258445322,24,1
K7TaAs4,-0.445258196090277,0.0,3.20545600208696,781.5311019618915,24,1
KCrS2,-1.1814435205624991,0.0,3.153376581830179,81.739739482668,4,1
KCuO,-1.217806291583332,0.0,3.359754678548887,234.5558145823458,12,1
KGaSb2,-0.414264854625,0.0,4.468503236369736,2094.935015070338,64,1
KMgAs,-0.6617146915833331,0.0,2.865987283319284,160.2895460635227,6,1
KRuF6,-2.437992797156249,0.0,3.572559828098121,118.13391591913404,8,1
KTlO,-1.191447635194449,0.0,6.128464681188116,140.6154265237279,6,1
La(ErS2)3,-2.420968008,0.0,5.898348304295043,469.0633073454251,20,1
La(HoS2)3,-2.436500602187496,0.0,5.789071453579397,473.9097799716983,20,1
La(LuS2)3,-2.418229514687496,0.0,6.247750420700158,455.1230735496269,20,1
La(TmS2)3,-2.433248469187498,0.0,6.002388772336429,463.7135945299712,20,1
La(YS2)3,-2.439135338687501,0.0,4.119286934675758,482.1339216194276,20,1
La2HfS5,-2.275452682695313,0.0,5.853389350776672,699.7186768128346,32,1
La2Pd2O5,-2.572202741111114,0.0,7.499371443133834,252.7100317220284,18,1
La2ThSe5,-2.272254670664061,0.0,6.825660080729948,880.3280493276335,32,1
La2ZrS5,-2.292480710937502,0.0,4.963733410030479,708.3562214576181,32,1
La4S3N2,-2.228839775104164,0.0,5.264429360337543,428.8725942844584,18,1
LaErS3,-2.448090529833332,0.0,5.704815482612086,1405.4097717016073,60,1
Li2PbO3,-1.788510993611109,0.0,7.013112294262959,127.42365027123796,12,1
Li2PdO2,-1.6323327853333351,0.0,4.927262391172839,51.32696580711932,5,1
Li3CuO3,-1.78138969642857,0.0,3.31291605561265,265.3866298411937,28,1
LiAsS2,-0.8557796164583331,0.0,3.052822489810487,158.8211673254257,8,1
LiBeAs,-0.478378983611111,0.0,3.506186866575579,86.07705830986724,6,1
LiBeP,-0.581053935992063,0.0,2.001165233695722,77.87865037435365,6,1
LiCaAs,-1.236092714722222,0.0,3.29508821139139,245.8048065658812,12,1
LiGdSe2,-1.926430368697914,0.0,5.675432096201595,94.24443640856369,4,1
LiSi2B,-0.1432247421875,0.0,2.396351231642557,409.7964532056764,32,1
Lu2CCl2,-1.817583635666668,0.0,7.0484307265675294,101.97525168913502,5,1
Lu2Mn2O7,-2.938114664017765,0.0,8.193064074463457,231.7828861650061,22,1
LuRhO3,-2.612046788833334,0.0,9.922030465179358,218.14931123596665,20,1
Mg(SbO3)2,-2.223938991666667,0.0,6.000164250606553,201.3743700112986,18,1
Mn(GaS2)2,-0.9256231851046792,0.0,3.503314537319627,152.93032801395523,7,1
Mn2GeO4,-2.114749792623151,0.0,4.8046138325185765,340.7937677956049,28,1
Na(GeP)3,-0.21139138627551,0.0,3.487265053620464,317.9222114827384,14,1
Na2Ga2As3,-0.399650460215515,0.0,4.288053836131996,1270.7621834061197,56,1
Na2PdCl4,-1.417687710357142,0.0,2.887843875141044,676.6982908305749,28,1
Na2PtS2,-1.028636579124997,0.0,5.097151854808518,198.8505769843545,10,1
Na3AgO2,-1.258432925967428,0.0,4.031744562627576,172.02520760234827,12,1
Na3PSe4,-0.907595616778273,0.0,3.5877766198750303,192.4378532586137,8,1
Na4Cd3Se5,-1.040989785394666,0.0,4.495613425537107,1217.4276612435087,48,1
Na4CoO3,-1.464403423189655,0.0,2.887031060845253,228.7924112829492,16,1
Na4Ge2Te5,-0.720424225,0.0,4.216749445894306,689.331295976232,22,1
Na4SnTe4,-0.8616289799999991,0.0,4.091099375883919,1170.7008432336277,36,1
Na5(InTe3)2,-0.8847859379022971,0.0,4.47616247230258,1647.398029005148,52,1
Na5AuSe12,-0.6052610313194451,0.0,4.309297928417322,970.618297398336,36,1
Na5GeP3,-0.47921122015873,0.0,2.424028940687876,768.6344426154534,36,1
Na5SiAs3,-0.5586413491666681,0.0,3.004236919306103,813.178011806603,36,1
Na6MnSe4,-1.248127843248431,0.0,3.117437989659179,541.9475169620226,22,1
Na6PbO5,-1.560489725689655,0.0,4.314494009757718,327.2477824018704,24,1
Na8TiAs4,-0.6898967597435891,0.0,2.734712188516354,645.4275388160197,26,1
NaBiO2,-1.715463051594827,0.0,7.169515409564825,122.27626577796308,8,1
NaBiO3,-1.580260707275866,0.0,6.483681240488199,143.40569727537377,10,1
NaInSe2,-1.009197114531248,0.0,5.105290087782719,96.18797473292786,4,1
NaMgSb,-0.5565706387931041,0.0,3.410971402850694,164.59947365719816,6,1
NaPrTe2,-1.589055779791667,0.0,5.13119163614496,542.5076175471216,16,1
NaSmTe2,-1.589257677500001,0.0,5.425991122552205,131.1509027197104,4,1
Nb3ICl6,-1.573383112124999,0.0,3.958930836898938,2074.864032155967,80,1
Nb3Se10Cl3,-0.8072219358203121,0.0,4.436704622473163,1758.601582147875,64,1
Nb3Se5Cl7,-1.119994935520835,0.0,3.768067762158437,812.3540134497557,30,1
Nb3Tl2Br9,-1.259257072619048,0.0,5.504805948194012,848.6222305311849,28,1
NbIO2,-2.356103289375,0.0,5.179170648974487,322.93955114583247,16,1
Nd(ErS2)3,-2.394001295437499,0.0,6.022148222739822,462.36354430201726,20,1
Nd(HoS2)3,-2.398549836937499,0.0,5.904629910760264,467.63652483359306,20,1
Nd(LuS2)3,-2.383524901437496,0.0,6.373651048945223,448.913563883247,20,1
Nd(TmS2)3,-2.396928890937499,0.0,6.123113237553284,457.4653771381044,20,1
Nd(YS2)3,-2.4001071289375,0.0,4.216961071758094,475.16943198758713,20,1
Nd2HfS5,-2.187287793632809,0.0,6.11120088207798,681.8002000189014,32,1
Nd2Pt2O7,-2.348622128181817,0.0,9.251211750542566,283.833425333572,22,1
Nd2ZrS5,-2.201563932812502,0.0,5.195530650205344,690.3979240062843,32,1
Nd3S3N,-2.21857095816964,0.0,5.545746110943608,650.2660873062475,28,1
NdCuS2,-1.602238972656248,0.0,5.675716213524164,318.2191955516216,16,1
NdMn2O5,-2.609972436357758,0.0,5.995104942667103,370.17611200563937,32,1
NdVO3,-3.221048318000001,0.0,6.769493593782093,238.6073389614317,20,1
Np2SO10,-2.544507634615385,0.0,5.499368594456665,804.4683466210203,52,1
P28Pb5I2,-0.088852987642855,0.0,4.059245458531799,3529.6275048628977,140,1
PPdS,-0.594736475714283,0.0,5.015562776918197,448.8316178972408,24,1
PRhSe,-0.729477651512896,0.0,7.149634361481312,197.73201905899265,12,1
PdPbF4,-1.9771300641666647,0.0,6.923125044480917,186.9007480803272,12,1
PdSeO3,-1.032893985468749,0.0,5.0106199066219,154.68489951937246,10,1
Pr(ErS2)3,-2.393720722354166,0.0,5.962424687550887,465.13764198903743,20,1
Pr(HoS2)3,-2.398605138354165,0.0,5.846631311505663,470.3814604507269,20,1
Pr(LuS2)3,-2.382202535854165,0.0,6.310563216049318,451.6466554376857,20,1
Pr(TmS2)3,-2.396307627354167,0.0,6.056527109587262,460.6664213863861,20,1
Pr(YS2)3,-2.400588398854165,0.0,4.168783917269164,478.004473211693,20,1
Pr2HfS5,-2.182488898424477,0.0,5.954122459594716,692.3477748798786,32,1
Pr2ZrS5,-2.19645111104167,0.0,5.06429949525659,699.5417689726412,32,1
Pr3S3N,-2.191269211026782,0.0,5.336090683209433,663.3636895742382,28,1
PrCuS2,-1.593449684322916,0.0,5.511875987223327,323.660143667126,16,1
PrFeO3,-2.757081589333333,0.0,6.705028763705313,242.4558416265244,20,1
Rb(SbSe2)2,-0.767052543124999,0.0,4.876833880010663,439.12168405760434,14,1
Rb14ZnGe16,-0.181603568064516,0.0,3.47790912984968,2314.882687262957,62,1
Rb2(NbCl3)3,-1.884424737142858,0.0,3.25605026638775,784.0843854180101,28,1
Rb2(ReSe2)3,-0.921010346732958,0.0,6.998459638119991,1142.053724453602,44,1
Rb2CoF6,-2.481685928333333,0.0,3.860771406731968,147.89574373500795,9,1
Rb2GaSb2,-0.490261971749999,0.0,4.06710266562906,1581.464834524584,40,1
Rb2Hg3Se4,-0.787987856319448,0.0,6.364904475060059,567.9810283589466,18,1
Rb2Hg3Te4,-0.683066407685187,0.0,6.327949350313701,1346.8167062794887,36,1
Rb2LiSn4,-0.291459588511903,0.0,4.261235815037861,2034.8301962419232,56,1
Rb2MoSe4,-1.099977280982144,0.0,4.046732759651865,956.4476588767892,28,1
Rb2Pd3S4,-0.951047283888884,0.0,4.568928616946554,224.77253878478703,9,1
Rb2PtC2,-0.061142019,0.0,4.920661859580624,131.62422791045643,5,1
Rb2PtSe2,-1.074541657937501,0.0,5.897902480452656,147.51382838598647,5,1
Rb3GaP2,-0.399427311547619,0.0,2.973063926688732,3468.001643669879,96,1
Rb4SnSb6,-0.419617713333332,0.0,3.96598343556047,2992.352129414201,66,1
Rb4Te8O23,-1.639239081809524,0.0,5.127154942133546,2242.0420338648923,140,1
Rb5(CoO2)2,-1.28055545431818,0.0,4.01049635825494,504.4788844165424,22,1
RbAgSe4,-0.6960230001736081,0.0,4.750191142601567,711.9769410475196,24,1
RbCuSe4,-0.7226372223958291,0.0,4.624422693809937,667.6793591474303,24,1
RbGdSe2,-1.9765518055468752,0.0,5.300175668634795,125.51937144152,4,1
RbIn3S5,-0.9947991457407392,0.0,4.341125563000797,677.332080893411,27,1
RbInTe2,-0.910861689374998,0.0,5.035004056799484,300.4374799500486,8,1
RbPSe3,-0.8051613375014881,0.0,3.757298610076806,936.9033196344336,30,1
RbPt2Se3,-0.884477465755207,0.0,7.222047296309265,327.6523326216352,12,1
RbReCl4,-1.519241968888886,0.0,4.221938014932293,975.7760286792349,36,1
RbRuF6,-2.4532000946875,0.0,3.877157002542467,128.712571678186,8,1
Re3Se4Cl,-0.560260590781247,0.0,8.079055332493766,374.04069710211706,16,1
RuClF8,-1.624961623999999,0.0,2.987564730852795,1282.8709504429746,80,1
SbAs2Cl13,-0.677861348593749,0.0,2.485373344415774,978.7921133158352,32,1
SbIrSe,-0.561186512187499,0.0,10.803710887665178,241.57893375601617,12,1
SbOsS,-0.482026049166666,0.0,10.042148323235562,227.567548364984,12,1
SbOsSe,-0.399562079114583,0.0,10.542719681196584,246.3075061153814,12,1
Si(Ag4S3)2,-0.285906270458332,0.0,6.046393682787592,1190.1726262053887,60,1
Sm(ErS2)3,-2.380271892999999,0.0,6.124099115569162,457.9841213651436,20,1
Sm2HfS5,-2.207648429375,0.0,6.357779543004347,668.1407210015964,32,1
Sm2ZrS5,-2.199853141875003,0.0,5.435167358788313,674.911508135463,32,1
SmCuS2,-1.631051361874998,0.0,5.970398891720823,309.319124764963,16,1
Sr(Ag3O2)2,-0.8542381654545431,0.0,7.320905973344463,724.764456025968,44,1
Sr(BiS2)2,-1.153065220119047,0.0,5.569661114537823,2267.6799656433022,84,1
Sr3(AlAs2)2,-1.154644779999999,0.0,4.2093865976079,486.407246320169,18,1
Sr3(GaP2)2,-1.022278914100529,0.0,3.883919660274022,449.9461747508001,18,1
Sr3(GeP2)2,-0.920536255489418,0.0,3.8455424485641823,918.9496606225392,36,1
Sr3Sb4S9,-1.259564848281249,0.0,4.147069228580007,1663.2902105360477,64,1
Sr4As2O,-1.701555782857144,0.0,4.4446981268313,192.89810551874788,7,1
Sr4GeP4,-1.118488307850528,0.0,3.685735940597264,1971.578806796353,72,1
Sr4SiAs4,-1.206752120694444,0.0,4.31798223041934,2086.6482849537792,72,1
Sr7GeN6,-0.738674926785714,0.0,4.74189647533553,1078.596827933212,56,1
SrLiAs,-1.199801943055556,0.0,4.042408789528388,278.47997870771974,12,1
Ta(ICl)2,-1.3011900074666651,0.0,5.193416378545301,323.3605033503283,10,1
Ta2Hg2F11,-2.948731622811112,0.0,6.5215549897772895,990.0341931753989,60,1
Ta2Tl4Se11,-0.5799663702561281,0.0,6.751952400059153,1007.342906035804,34,1
Ta4P4S29,-0.8323654068352611,0.0,3.300290310376228,3577.536222266369,148,1
TaCu3Te4,-0.474511129249997,0.0,6.918515284068941,211.6887727778828,8,1
Tb2HfS5,-2.173636854257811,0.0,6.733482576510232,647.7593347312813,32,1
Tb2TeO2,-3.327411077999997,0.0,8.212666351732242,96.5366804303954,5,1
Tb2ZrS5,-2.189312639791669,0.0,5.78211131882062,654.0935614869318,32,1
Tb3Te3N,-1.79381197767857,0.0,7.216516016380209,804.0546330058525,28,1
TbCuS2,-1.60526750890625,0.0,6.396229210596204,297.620815355952,16,1
TbMn2O5,-2.650917842503562,0.0,6.601105118070377,350.9675580857557,32,1
Te6IrCl3,-0.404271731250003,0.0,5.804815010475892,608.841390655531,20,1
Te6RhCl3,-0.429403895249998,0.0,5.338338988594731,606.4810019040381,20,1
TeAuI,-0.405502547222223,0.0,7.131650353385349,420.48348449506994,12,1
Th(TeI)2,-1.343993580666666,0.0,5.7404130256472286,428.7278591937164,10,1
ThSO,-3.4304611374999983,0.0,8.692176439657416,107.0206249745882,6,1
TiCoSb,-0.658718782222221,0.0,7.557042599749188,50.2224418954328,3,1
Tl2(ReSe2)3,-0.502335278125,0.0,8.81481189414014,1085.9366798865844,44,1
Tl2Au4S3,-0.408820173796298,0.0,9.692571714625544,442.9765923213368,18,1
Tl2GeSe3,-0.611030478949656,0.0,6.516785156563859,366.052564772349,12,1
Tl2Hg3Se4,-0.329950313194444,0.0,8.363910943855155,526.6675305628945,18,1
Tl2PdCl4,-1.177903445238097,0.0,5.049401293275214,216.05964324017216,7,1
Tl2SnO3,-1.497404127777778,0.0,9.128278737090664,418.74198401105656,24,1
Tl2SnSe3,-0.633619698324656,0.0,6.927786637569848,1465.6848560899434,48,1
Tl3SbSe3,-0.435857006741071,0.0,7.320750346336121,881.7102166500882,28,1
Tl3SiTe3,-0.450613075357142,0.0,6.931094088966268,981.3462437269956,28,1
Tl4GeSe4,-0.6013629875231511,0.0,7.061995453699862,1134.3151077142518,36,1
TlIn5S6,-0.759767671805546,0.0,5.221915136377203,617.4579233383168,24,1
TlPd3O4,-0.943217649791666,0.0,8.749107397040602,223.0629085458592,16,1
TlPt2S3,-0.691701527638893,0.0,8.529811596182535,268.9417470305537,12,1
Tm2CdS4,-1.9535404828571448,0.0,5.596827461615331,343.2970964592988,14,1
TmTlSe2,-1.595562889531248,0.0,7.792289270913048,113.206864931356,4,1
V2PS10,-0.8532792550686801,0.0,2.511238314692027,2399.0258220016763,104,1
VCu3S4,-0.8562810200000001,0.0,3.966135452969545,154.84416641947865,8,1
W6CCl18,-0.901346643199999,0.0,4.547022843658735,1280.5147439084344,50,1
Y2CdS4,-1.9366310149999992,0.0,3.8995312080374793,356.4053395002699,14,1
Y3Te3N,-1.721961335714283,0.0,5.51618680584962,798.9634706301512,28,1
YMn2O5,-2.633742017295228,0.0,5.30340269093089,349.15192965223,32,1
Zn(GaTe2)2,-0.6253114245238071,0.0,5.508738162025835,215.6045241482677,7,1
Zn3TeO6,-1.699591537,0.0,6.146977535979629,680.464328388086,60,1
ZnGeP2,-0.275104891488094,0.0,4.179818738428334,158.90738908504878,8,1
ZnP14Pb,-0.052713252812498,0.0,3.432573731896566,1366.6035712821044,64,1
Zr6CoCl15,-1.91292519625,0.0,3.491529279421773,541.2566211450136,22,1
Zr6FeCl14,-2.0775658530952352,0.0,3.271219289706985,1116.289688180036,42,1
ZrTe2Br5,-1.267670202291665,0.0,4.247347512059873,583.2671567272545,16,1
Ag2S2O7,-1.4055423298484842,0.0,4.598442833041431,283.0099298607328,22,1
AgClO4,-0.414067270277776,0.0,4.229779246078329,81.38981885634249,6,1
AgI3O8,-0.753021275972222,0.0,4.979406561017461,822.4673908574347,48,1
AgIO3,-0.713068665333332,0.0,5.999922075919814,626.0775664617084,40,1
Al2BiSe4,-0.8726628287500011,0.0,4.916474284178594,781.9364198332319,28,1
Al2ZnS4,-1.190503468035713,0.0,3.281121926450817,250.64764281935976,14,1
AlICl6,-1.32499238,0.0,2.487460068647398,489.46335736234505,16,1
AlSCl7,-0.9023574200347212,0.0,1.9468865434888991,524.0641541194176,18,1
AsKrF7,-1.485383560462962,0.0,3.536363482533973,547.8998229043624,36,1
B2Pb4O7,-2.046420790641024,0.0,7.1594005574711534,892.8861250114036,52,1
BPS4,-0.645372425634919,0.0,1.994541415192164,141.5693693903541,6,1
Ba(AuF4)2,-2.209939348181815,0.0,6.342110180669233,357.78594413808605,22,1
Ba(InS2)2,-1.363742763869046,0.0,4.096007203315982,1606.1243984397618,56,1
Ba2GeS4,-1.718871715714283,0.0,4.060395878660701,777.9300530059315,28,1
Ba2H3I,-1.013956369791667,0.0,4.642711762503339,144.70523533798794,6,1
Ba2SiSe4,-1.724802340624997,0.0,4.708322461865282,436.32331212121846,14,1
Ba2SnO4,-2.725244696428571,0.0,6.514413199418974,116.58253492892035,7,1
Ba3Sn2S7,-1.583597970624998,0.0,4.061723755049394,1429.020892697478,48,1
Ba3Te2O9,-2.3881671898809542,0.0,6.224522097447718,432.8007042420203,28,1
Ba5(IO6)2,-2.299061808157895,0.0,5.798989423800125,1297.09182741766,76,1
BaCeO3,-3.589836753000001,0.0,6.272009404625958,344.64733173556965,20,1
BaCr2O4,-2.603035794642854,0.0,5.301521253614749,382.5245244418224,28,1
BaGe2S5,-1.146028342499999,0.0,3.423471482862407,859.3685018603461,32,1
BaGeS3,-1.433299476249995,0.0,3.697401324024579,1100.0027687662705,40,1
BaHgO2,-1.9609385931250007,0.0,6.302162373093815,97.46807538236185,4,1
BaLiH3,-0.6094920114166651,0.0,3.789069851402205,64.54983172455981,5,1
BaTiO3,-3.492277977666666,0.0,5.905237274567591,65.57310741671338,5,1
BaZnO2,-2.365424036666665,0.0,5.725287390866139,204.24457974584027,12,1
Bi2CO5,-1.784232285312501,0.0,7.860438033099017,861.8579406588494,64,1
Bi2TeO5,-1.644739106145836,0.0,7.854367725983495,529.0117303166012,32,1
Bi4I2O5,-1.494979854772725,0.0,8.04729385047113,965.481471679674,44,1
BiBrO,-1.555466066666671,0.0,7.81849613632773,129.50609729692894,6,1
BiIO4,-1.235655969166666,0.0,7.447156588693821,356.6571781190205,24,1
BiKrF7,-1.259169145185184,0.0,4.600295087345924,614.7458740355426,36,1
BiSbO4,-1.8414490133333272,0.0,8.368756310551321,156.6488127381902,12,1
BrNO3,-0.5361104965000001,0.0,2.923029358854789,322.4671988112441,20,1
Ca2BrN,-1.635277027499999,0.0,3.534226822416866,81.78438172411364,4,1
Ca2H6Ru,-0.7098598275000001,0.0,3.341859280510864,93.0545451682951,9,1
Ca2IN,-1.358238939999999,0.0,4.010938536209053,183.04477558744145,8,1
Ca2NCl,-1.796587630312501,0.0,2.824901798883635,76.19094355059086,4,1
Ca2SnS4,-1.678317246785714,0.0,2.882205718964618,753.8747135589316,28,1
Ca3AlN3,-1.229088554821428,0.0,3.069405689101672,409.503601044365,28,1
Ca3PI3,-1.683612634591838,0.0,3.721302654212342,949.4265514338972,28,1
Ca3UO6,-3.619776442499985,0.0,4.931499685177281,305.9172173888696,20,1
CaCrO4,-2.43201730833334,0.0,3.14982524324953,164.55716430369858,12,1
CaSnO3,-2.694555046500007,0.0,5.520396786842774,248.80571219239832,20,1
CaTeO4,-2.269806247777776,0.0,4.627388712128368,332.54728185655193,24,1
CaTiO3,-3.556087157166666,0.0,4.02925941391082,224.09973769300063,20,1
CdCN2,-0.027482624374998,0.0,4.754058841630004,53.24385900623181,4,1
CdMoO4,-1.814628006666668,0.0,6.049733854246376,149.5092183985517,12,1
Co2Te3O8,-1.474494457692308,0.0,5.578240041435182,374.2818961219498,26,1
CoSe2O5,-1.272770595898438,0.0,4.617434747293967,427.0174871570919,32,1
Cr2(Bi2O5)3,-1.7208289165217372,0.0,7.297680234023007,727.1675839141416,46,1
Cr2(MoO4)3,-2.09364696382353,0.0,3.579311015652639,1083.3716383259307,68,1
Cr2Te4O11,-1.752028875686286,0.0,5.149405714263823,509.7544218908825,34,1
CrCdO4,-1.631303849999999,0.0,4.383609980589499,173.0422774947916,12,1
CrPO4,-2.59617238077381,0.0,3.44621665146685,424.8924026285614,36,1
Cs2GeCl6,-1.8067872082567007,0.0,3.311963221357625,276.3428926846074,9,1
Cs2HfI6,-1.508881836590033,0.0,4.87983381313876,410.292248818364,9,1
Cs2NiF6,-2.466306513333333,0.0,4.188413132692228,173.8457012170175,9,1
Cs2PdF6,-2.32513731888889,0.0,4.500602252329181,179.395880059739,9,1
Cs2Te4O9,-1.675637743231801,0.0,4.8650203327355,1256.345983245707,60,1
Cs2TiCl6,-2.06158007574074,0.0,3.155059911230977,277.04734215873464,9,1
Cs3AlO3,-2.156945058423644,0.0,4.739210837805729,663.9002966537626,28,1
Cs3Bi2I9,-1.211825776711825,0.0,4.773291673624063,1362.8720035122276,28,1
Cs3Cu2Cl5,-1.547970491000001,0.0,3.638425881510193,1283.500955463547,40,1
Cs3Cu2I5,-1.199703301896553,0.0,4.419372852984223,1743.9347446679678,40,1
Cs3GaSe3,-1.284426346741071,0.0,4.3226463248542,1083.7901198021286,28,1
Cs3Sb2Cl9,-1.814263952068962,0.0,3.386476362611856,471.3744350936588,14,1
Cs3SbSe3,-1.144839279241068,0.0,4.063159904343593,1238.0707090884969,28,1
Cs4Au6S5,-0.7809329449375011,0.0,6.190433920719732,502.6188538168242,15,1
Cs4Co3F10,-2.642416019624743,0.0,4.838991995597819,616.590110730016,34,1
Cs4SiSe4,-1.290506217277295,0.0,3.960556234993768,2936.7198396637027,72,1
Cs4SnO4,-1.744003894568965,0.0,5.011585287650842,946.7438502255224,36,1
CsAgCl2,-1.397385576249998,0.0,4.087239009574687,253.25469689040528,8,1
CsAs3O8,-1.767822698096265,0.0,4.551395247943797,354.382079447938,24,1
CsAu3S2,-0.5690842609375011,0.0,7.255512245349284,180.3314595933318,6,1
CsAuF4,-1.9246664358333327,0.0,6.002446291311479,224.5603568414312,12,1
CsBiO2,-1.674317142413794,0.0,6.351593670502787,195.4942658770381,8,1
CsCdCl3,-1.703871709499998,0.0,3.907044593531172,896.796766964518,30,1
CsCeF5,-3.82972951762931,0.0,4.716474631780855,1036.538157317987,56,1
CsDyS2,-2.121056255156247,0.0,5.150354104061922,231.8375209334761,8,1
CsHoS2,-2.117354090156251,0.0,5.236562334658693,229.56216945373188,8,1
CsICl2,-1.414317306163793,0.0,3.772485427136273,145.57159169159775,4,1
CsInI4,-1.158595765636974,0.0,4.217001806314527,1189.730379872715,24,1
CsInS2,-1.178435854531249,0.0,3.995907581009716,1036.7503841080547,32,1
CsLuS2,-2.050110127830457,0.0,5.583005762275544,221.2874679173401,8,1
CsMnO4,-1.4896368375143632,0.0,3.649579521513815,458.34538199554953,24,1
CsNO2,-1.267775601163792,0.0,3.72047782558346,239.55683033209817,12,1
CsNaS,-1.274295310937501,0.0,3.440432631947764,181.43955927976768,6,1
CsNdS2,-2.08965787328125,0.0,4.515851140365055,250.9845979483906,8,1
CsPrS2,-2.077811845572913,0.0,4.394333046591848,255.4051852888868,8,1
CsSbO2,-1.854186307413794,0.0,4.968155127322778,191.62734539415547,8,1
CsTbS2,-2.123014090156246,0.0,5.043127309672519,234.41280833800576,8,1
CsTmS2,-2.112461235156249,0.0,5.403791660227766,224.91870856091785,8,1
CuW3Cl7,-0.78240204931818,0.0,5.282520106103557,2170.840785750502,88,1
DyCrO3,-3.220740385333334,0.0,7.978148620394884,218.53793938887344,20,1
DyPtF7,-2.817237958055554,0.0,6.513260957221938,500.2810984897964,36,1
ErPtF7,-2.816598800925924,0.0,6.720363344068253,489.5674831340008,36,1
ErSeI,-1.969166459114586,0.0,5.55009212960903,223.2705634902673,6,1
Fe(PO3)2,-2.470533366309521,0.0,3.282061936730978,432.6607689335354,36,1
Fe2(SeO4)3,-1.264223167472426,0.0,3.910137895832627,918.2547227373846,68,1
FeTe6O13,-1.5087576434999992,0.0,5.981370730000654,571.5815878208988,40,1
FeWO4,-2.022696756666667,0.0,7.609071009222092,132.54622556038296,12,1
Ga2Hg3Cl8,-1.267080934615386,0.0,3.960821937258483,1718.6199066472052,52,1
Ga2PbS4,-0.9529603046428552,0.0,4.673442147600109,1349.925713949747,56,1
GaPS4,-0.506497706954365,0.0,2.593544579931285,586.366088796224,24,1
Gd3SbO7,-3.362648602727271,0.0,7.763111093357803,301.8171267999116,22,1
GdPtF7,-2.891240942222216,0.0,6.204755473805545,519.5353853411372,36,1
Ge2S3Br2,-0.8114880353571421,0.0,3.08034584777227,865.2873816027567,28,1
Ge2S3I2,-0.645926714285713,0.0,2.952718099533369,1114.1440580589715,28,1
Hf(PS3)2,-0.800161286980819,0.0,2.905844116367829,494.6769227250391,18,1
HfNCl,-2.150861657083332,0.0,7.224172087505387,104.79245994829516,6,1
Hg2SeO3,-0.9253474820572932,0.0,7.022349302594426,499.5445688466656,24,1
Hg3PO4,-1.512991686517859,0.0,8.122707635543463,569.7441310601517,32,1
Hg3TeCl4,-0.621929513125003,0.0,6.183798548284994,1871.5121248830824,64,1
HgAsF7,-2.026376432222223,0.0,5.080280513175504,534.0893349165092,36,1
HgMoO4,-1.5400649545833351,0.0,7.253532617816265,165.06995857909925,12,1
HoCrO3,-3.2267283235,0.0,8.113944214971221,216.86995599622568,20,1
HoPtF7,-2.815040818611111,0.0,6.617518177549906,494.8386727151315,36,1
InClO,-1.814578640555555,0.0,4.515925264596758,122.27770773078213,6,1
InPO4,-2.471440718551586,0.0,4.777707091758406,145.8287101605789,12,1
InPS4,-0.48460511487103,0.0,3.056129866493824,148.90520918656284,6,1
K14Fe4O13,-1.6149025618225812,0.0,2.820047007394156,1152.6403285554047,62,1
K2Ge2S5,-1.040038007166665,0.0,2.542770396423353,1002.5561907123564,36,1
K2H4Pd,-0.35756616892857,0.0,2.426497539034409,129.0988210747073,7,1
K2HgCl4,-1.554502505714286,0.0,3.412486011791583,818.6646383240004,28,1
K2NiF6,-2.384495597166662,0.0,3.251503735631345,128.12432984816914,9,1
K2TeBr6,-1.39301875735185,0.0,3.625058943565936,627.7611444407653,18,1
K2TeS3,-0.8753895005729171,0.0,2.583561251969623,776.3993970767859,24,1
K2W2O7,-2.283939672227272,0.0,5.772893584880375,320.9374642914357,22,1
K3AlTe3,-1.127586541607144,0.0,3.236660283519737,1081.6470567963563,28,1
K3GaSe3,-1.269708642325892,0.0,3.2106159769808422,876.9644557261856,28,1
K3GeS3,-1.241486059892857,0.0,2.39342557050554,397.0291643303487,14,1
K3NbS4,-1.470959260843749,0.0,2.360180937792134,952.5171040440632,32,1
K3SbSe3,-1.154353655540177,0.0,3.319505607226225,952.3207225653646,28,1
K3V5O14,-2.402736184170454,0.0,3.030567025682187,326.5630860734463,22,1
K4MnBr6,-1.786828043357366,0.0,3.180329648920842,721.3252690145288,22,1
K4PbO3,-1.467546646593748,0.0,3.904665245786845,1400.3015493613402,64,1
K4SnO3,-1.581512152843749,0.0,3.126599629574062,1372.7948845084304,64,1
K4SnO4,-1.823757819333333,0.0,3.109594323601198,362.16307808486266,18,1
K5FeO4,-1.5476510366249991,0.0,2.600183819523264,1611.0386908788803,80,1
K5InO4,-1.562469399041666,0.0,3.100994990350771,3206.978737546148,160,1
KAlTe2,-0.963640327187501,0.0,3.693835193292205,1155.4337329939226,32,1
KHoS2,-2.169712703593749,0.0,4.359707361879431,102.13709948724274,4,1
KICl2,-1.377944160249999,0.0,2.8804362005113093,1092.6019267090776,32,1
KIO4,-1.166621643708329,0.0,3.734796980402538,204.52228151704813,12,1
KInBr3,-1.519488171283333,0.0,3.749623312357553,697.2808897524967,20,1
KLiTe,-1.209200204083333,0.0,3.200429821183268,180.18507341646608,6,1
KLuS2,-2.157894059010415,0.0,4.70092468522912,98.26878640409264,4,1
KMgH3,-0.3456561272,0.0,1.738989885084084,63.4304022052392,5,1
KMnF3,-3.016103159036205,0.0,3.450245699508706,145.3773548581438,10,1
KNaS,-1.285839426354165,0.0,2.096890130118769,298.2413766636039,12,1
KNb3O8,-2.986958873937498,0.0,4.004976877188869,369.6846837346525,24,1
KNbO3,-2.852127680450001,0.0,4.499799378518349,66.42558683114697,5,1
KNdS2,-2.12713226921875,0.0,3.688600966860526,111.40649386181222,4,1
KPrS2,-2.111774870260417,0.0,3.574775068177798,113.40497648238076,4,1
KTbS2,-2.17153049234375,0.0,4.177235957651041,104.21158433232767,4,1
KTlCl4,-1.544014930097224,0.0,3.465482604677857,369.23865902390094,12,1
KTlF4,-2.494076720374996,0.0,5.541789765100618,574.364341648875,36,1
KYS2,-2.173502057343748,0.0,3.079141902746625,103.6153162731448,4,1
La2SeO2,-3.491444638468752,0.0,6.22862512961434,103.64523915760148,5,1
La2SiS5,-1.908855694257813,0.0,4.110440147368529,753.3781172336312,32,1
LaAlH6,-0.4340783521875,0.0,3.702492803109261,77.11134527059274,8,1
LaCrO3,-3.1966233445,0.0,6.706217884389386,236.61766314523803,20,1
LaGaS3,-1.6847058531875,0.0,4.34049606706342,1399.3919751039664,60,1
LaHO,-2.510143050416665,0.0,5.584880435065513,370.8574462763354,24,1
LaPS4,-1.323434070079362,0.0,3.281413336965101,1206.9722188183716,48,1
Li2B2S5,-0.9961007786111112,0.0,1.829511405395888,355.484752829781,18,1
Li2PtF6,-2.327044650370371,0.0,5.560438143390972,192.8919042209868,18,1
Li2TeO4,-1.949830574404762,0.0,4.554077838759675,299.6935188813291,28,1
Li3AsS3,-1.141629995,0.0,2.429670443210828,524.7184121092278,28,1
Li3BiO3,-1.959947816785713,0.0,5.408113280673483,682.38276178496,56,1
Li3SbS3,-1.171406391071427,0.0,2.904439465711608,546.0608863438224,28,1
Li3ScN2,-1.049828191874998,0.0,2.504720864974737,497.4472018838932,48,1
Li3VF6,-3.21164398849999,0.0,3.068407121584963,603.1532738433947,60,1
Li4H6Ru,-0.5027980612878791,0.0,2.404791934265277,186.27493663438904,22,1
Li4SeO5,-1.950933552567708,0.0,3.251665605753137,190.70688849802823,20,1
Li4SnS4,-1.274180585092592,0.0,2.572562034958062,709.3419458485032,36,1
LiAlTe2,-0.925174646666666,0.0,3.986690686480764,240.8510256428608,8,1
LiCeF5,-3.813024981190474,0.0,4.567926037386346,703.9200614203706,56,1
LiGaI3,-1.006771274666666,0.0,4.33230623565728,701.2367235116269,20,1
LiInI4,-0.999954962916666,0.0,4.310557020967439,969.809601655855,24,1
Lu2PbS4,-1.912786647261904,0.0,6.971735054910605,652.9929803982398,28,1
Lu2ZnS4,-1.956923562440475,0.0,5.729741540082126,630.1673553030956,28,1
Mg(GaS2)2,-1.181832509047618,0.0,3.298995783839219,881.8968652563112,42,1
Mg6MnO8,-2.838937343028735,0.0,3.740741021274272,583.7604997297776,60,1
MgCrO4,-2.185497340833333,0.0,3.218590985678326,144.76612491605178,12,1
MgHN,-0.7358646412499981,0.0,1.850143462475749,423.48152813079736,36,1
Mn(IO3)2,-1.165002999770115,0.0,4.927276025923084,272.8047705078644,18,1
Mn(PO3)2,-2.595336400246305,0.0,3.131332518405578,451.56344657925473,36,1
Mn2P2O7,-2.5816131941043423,0.0,3.763679967633767,125.22138674368266,11,1
MnCr2O4,-2.337050971133004,0.0,4.9004860965885175,151.07905148966802,14,1
MnSnF6,-2.908231397866379,0.0,4.187520471349239,114.06150969980315,8,1
MnWO4,-2.216569472988496,0.0,7.310800981675956,137.541915912545,12,1
Mo6PbBr14,-1.092181490476191,0.0,4.731435236510219,2669.3873931686976,84,1
MoPO5,-2.379245834591837,0.0,4.233556205135817,162.31432249991926,14,1
Na2GeS3,-1.084484991709769,0.0,2.548573608287156,559.8550219505224,24,1
Na2H4Pd,-0.32011560642857,0.0,2.87963356015189,90.2060199924003,7,1
Na2PbO2,-1.575215994051721,0.0,5.530353170708311,685.0192130732371,40,1
Na2V3O7,-2.421644072590996,0.0,2.994470237225162,1034.0966506985783,72,1
Na2W2O7,-2.226846243887147,0.0,5.961132073288268,292.8541808885767,22,1
Na3AlSe3,-1.288684136026784,0.0,3.136825391798056,704.7617307973462,28,1
Na3AuS2,-1.061003663189655,0.0,3.991632294907518,274.61812238749945,12,1
Na3FeO3,-1.7015766634482752,0.0,3.053565068962521,375.9041172984559,28,1
Na3PS4,-1.119841152347598,0.0,2.233918706132584,339.26043194597605,16,1
Na3SbS3,-1.032834377276785,0.0,2.956224431503586,644.6723289992628,28,1
Na4I2O,-1.469234532931035,0.0,3.514775083663585,170.91532597430805,7,1
Na4ReN3,-0.404659592252155,0.0,4.072608587539332,261.1012790769117,16,1
Na5GaO4,-1.805002025939654,0.0,3.064815730127265,1077.8470662569932,80,1
Na5ReO6,-2.053585158283046,0.0,4.670962858169556,141.18862439287025,12,1
Na6Ge2S7,-1.148486333051725,0.0,2.45607269157867,686.471434505351,30,1
Na8Ga2O7,-1.866047422119673,0.0,3.254998143843118,888.3964661130715,68,1
NaAuS,-0.8325306321264361,0.0,5.822731714696094,1149.951736294541,48,1
NaCoO2,-1.557503675344833,0.0,5.112135088513984,37.00440947813951,4,1
NaDyS2,-2.134546867656251,0.0,4.61280897154459,89.85921186897164,4,1
NaErS2,-2.1339725022395832,0.0,4.793183690257751,88.12637098837186,4,1
NaFeF3,-2.737641432275862,0.0,3.919068409713153,115.10438847491388,10,1
NaGe2N3,-0.383335662729884,0.0,4.771850848615998,146.35601754020692,12,1
NaHoS2,-2.13508399015625,0.0,4.695168675864375,89.14248856297058,4,1
NaInI4,-1.032746076340995,0.0,4.048150607339759,1059.0065530387103,24,1
NaLaSe2,-1.978805695266703,0.0,4.66430386679665,113.85744027075836,4,1
NaLiS,-1.36703557407088,0.0,1.976851617557677,104.1518705187862,6,1
NaLiSe,-1.371980806076387,0.0,3.120197208374006,231.8024974784136,12,1
NaLiTe,-1.129250698793103,0.0,3.580874431287207,292.20348448460896,12,1
NaLuS2,-2.132746850572916,0.0,5.071812842223146,85.80863150258826,4,1
NaMoO2,-1.888169442844827,0.0,5.302940234159042,47.2610994069084,4,1
NaNb3O8,-2.9586486913649424,0.0,4.115969643201572,346.71803846588824,24,1
NaNbCl6,-1.5466882959375,0.0,2.548699990030615,856.3999448368335,32,1
NaNdS2,-2.069895253281249,0.0,3.946611965146478,97.34558649291397,4,1
NaSmS2,-2.056927842844827,0.0,4.171933935520233,94.5231733079734,4,1
NaTbS2,-2.131943001406249,0.0,4.495923921610234,90.87509927533796,4,1
NaTmS2,-2.13906569640625,0.0,4.864496451766604,87.40629990559755,4,1
NaYS2,-2.13529353640625,0.0,3.235234562581743,90.34813763353296,4,1
Nb2Se4O13,-1.865832660230264,0.0,4.250941197822965,554.4151869704924,38,1
NbBO4,-2.954805746527777,0.0,5.127383801765492,108.63133602292216,12,1
NbPCl10,-1.455367174136904,0.0,2.359675267698904,673.3288614101131,24,1
NbPO5,-2.9297376160204083,0.0,3.276007915397064,413.3640306381525,28,1
NbSbO4,-2.523132912916659,0.0,5.621377850336273,329.2661959854274,24,1
NbTl3S4,-0.8975212812500041,0.0,5.9737773623145145,231.9160378457109,8,1
Nd2HgO4,-2.933779668928569,0.0,7.859243500747556,233.7112976177955,14,1
NdCuO2,-2.610852319374999,0.0,5.785143714607559,68.82721825036138,4,1
NdPS4,-1.251449374662698,0.0,3.461576228244608,1164.633277650516,48,1
NdSbO4,-2.799145137916666,0.0,6.868750950354209,319.11317310703487,24,1
Ni(XeF7)4,-0.9083850059090912,0.0,3.407808019506772,1087.4226692321274,66,1
NiPbF6,-2.127497956249998,0.0,5.970155808965939,105.66088101142384,8,1
OsO3F2,-1.71168701375,0.0,5.707278263274655,321.4719122777501,24,1
P2Pb3S8,-0.737800661675824,0.0,4.596846293354184,1358.3389560801722,52,1
P2WO8,-2.410133454935064,0.0,4.462282728667323,278.189820485684,22,1
P3IrO9,-2.247317921456041,0.0,3.978972229460158,358.1788868440955,26,1
P4N3Cl11,-1.02336239547619,0.0,1.514735912474812,2437.627798225027,72,1
P4S3I2,-0.395706129841268,0.0,2.767665699554373,1137.3162348659512,36,1
PSeCl9,-0.533182666094426,0.0,2.349984886217702,1212.585041667096,44,1
Pb3(BrO)2,-1.46257496,0.0,7.394284995124055,730.6690338978106,28,1
Pb3(ClO)2,-1.571902337142855,0.0,7.115252239306142,676.3321854948258,28,1
Pb3(IO)2,-1.282339781785712,0.0,7.242732488625851,832.1643821425162,28,1
Pb3SeO5,-1.478446876371529,0.0,7.810335841546912,331.9051622116628,18,1
Pr3CCl5,-2.156232924722222,0.0,4.224239469608999,962.3011899233308,36,1
PrBS3,-1.550804115666665,0.0,3.96788955659386,415.0017737104433,20,1
PrCuO2,-2.581216355416654,0.0,5.571204320101684,70.47641911132004,4,1
PrPS4,-1.253591342648808,0.0,3.37303234379136,1182.0735512314184,48,1
PrPtF7,-2.9053396454629583,0.0,5.665956206276841,549.782149766706,36,1
PrSbO4,-2.794670680694446,0.0,6.703992853577691,323.6521405515363,24,1
Rb2Ge2S5,-1.0549631925,0.0,2.936404411196689,1077.9363770244647,36,1
Rb2GeS3,-1.196571154583332,0.0,3.027322567044559,372.7401639481898,12,1
Rb2HfS4,-1.576594602499998,0.0,4.01427253164612,1580.7907292771465,56,1
Rb2NiF6,-2.389794803888885,0.0,3.907518488058048,146.02450925512437,9,1
Rb2PdF6,-2.401405657222222,0.0,4.251159640449615,152.8630793482185,9,1
Rb2SnO2,-1.644154647499998,0.0,4.374395531627636,488.3903048011634,20,1
Rb2W2O7,-2.27656303590909,0.0,6.342031806752698,340.7001666957887,22,1
Rb3Bi2I9,-1.177800070535715,0.0,4.393114722569822,2746.4582749639526,56,1
Rb3GaO3,-1.8299430271428552,0.0,4.421518708120131,281.0113696613671,14,1
Rb3InS3,-1.2569234880952371,0.0,3.243705621902788,478.5657411872213,14,1
Rb3NbO8,-1.679315607708331,0.0,3.9277193019025,201.79231382161697,12,1
Rb3NbS4,-1.485389006874999,0.0,3.018412104122237,1050.914519769567,32,1
Rb3PdF5,-2.498825820277778,0.0,4.317203092986361,352.18189516947626,18,1
Rb3SbS3,-1.181014803214285,0.0,3.253941080585277,968.2912324007902,28,1
Rb3TlCl6,-1.8567218265833327,0.0,3.516618619645898,1272.10936055537,40,1
Rb3V5O14,-2.4097787819318333,0.0,3.505977559403235,348.16720829585125,22,1
Rb4PbO3,-1.40916538796875,0.0,4.94589809291407,1603.6837727681786,64,1
Rb4SnS4,-1.257259677222222,0.0,3.14848086750312,2484.484061417355,72,1
Rb6Sn2S7,-1.228766772999998,0.0,3.187817115100734,2030.8532741569936,60,1
RbAuF4,-2.069932459583331,0.0,5.247797377913149,226.83180141310092,12,1
RbBS3,-1.017444626333323,0.0,2.668265249668954,479.1281739873625,20,1
RbDyS2,-2.095267701041664,0.0,4.746185741789486,109.19306948668086,4,1
RbErS2,-2.096589583124998,0.0,4.919661149877441,106.94905175145456,4,1
RbFeF4,-2.824803344583334,0.0,3.973878720504737,363.2177157447561,24,1
RbHoS2,-2.093715566874999,0.0,4.832227300279521,108.08395349573912,4,1
RbIO4,-1.170053405416668,0.0,4.053114253478137,226.45449265208524,12,1
RbInS2,-1.193291512916665,0.0,3.63454820432264,966.4425750723992,32,1
RbLaSe2,-2.041494886796875,0.0,4.630185969042292,137.1031129154768,4,1
RbLiSe,-1.33745662939236,0.0,3.578341620031604,159.04830640169496,6,1
RbLuS2,-2.085331389791667,0.0,5.182647496115134,103.99173982934585,4,1
RbMnF4,-2.946728194238506,0.0,3.948569909153661,364.0201510272656,24,1
RbNaS,-1.212117723793103,0.0,2.800634458976748,166.63596727557243,6,1
RbNdS2,-2.0674841125,0.0,4.128159217286392,118.19613574465488,4,1
RbPbI3,-1.235946820000001,0.0,5.047056938770783,886.2002703632756,20,1
RbPrS2,-2.055922521041666,0.0,4.01248176425131,120.22376103564004,4,1
RbSbO2,-1.864373579375,0.0,4.731690097417999,167.90834010311085,8,1
RbSmS2,-2.080729654375,0.0,4.335430226548046,114.8886313937936,4,1
RbTbS2,-2.096626694791664,0.0,4.641774057367088,110.3704612059656,4,1
RbTmS2,-2.092722588125001,0.0,4.992239448653164,105.9514175968304,4,1
RbVF3,-3.0345876665,0.0,4.392090674799269,73.12138287356564,5,1
RbYS2,-2.091590315624998,0.0,3.611739259334195,109.65482276389513,4,1
Re2S2O13,-1.851876866764707,0.0,4.391164387140082,487.4686737177566,34,1
ReAgO4,-1.707686205694444,0.0,7.150123286858055,166.31709670788848,12,1
S4I2O15,-1.413883177857142,0.0,3.350192195492908,308.32703673732817,21,1
Sb2Cl5F4,-1.857264932045454,0.0,3.081972837903866,2141.2785573199426,88,1
Sb4Br2O5,-1.61753876272727,0.0,5.220155805003094,462.420878973041,22,1
SbClF10,-1.7926689835416671,0.0,3.281690465690861,702.7283547562715,48,1
SbKrF7,-1.87515609074074,0.0,3.876689598943621,580.0518304294267,36,1
SbP2O7,-2.387248134428595,0.0,3.707070406032295,1059.654914190911,80,1
ScCuO2,-2.724876606249999,0.0,4.562429088197455,102.27311664510334,8,1
Sm2(CN2)3,-0.9334202065909092,0.0,4.668800376145837,149.66201096207266,11,1
Sm2MoO6,-3.143166101111113,0.0,6.72468283976315,486.6104279435904,36,1
Sm6Si4S17,-1.7640432565740691,0.0,4.218408981570005,1227.8507671292507,54,1
SmCrO3,-3.1710719595,0.0,7.31736891568508,227.25277373957564,20,1
SmPS4,-1.385817718898809,0.0,3.617602651216641,1136.8689956123674,48,1
SmPtF7,-2.914746472500001,0.0,6.04288555744899,525.8788271173416,36,1
SmSI,-2.102573354166666,0.0,5.053872928991876,203.2713036527153,6,1
SmSbO4,-2.825157747500001,0.0,7.16439359578562,311.61683026468563,24,1
SnPCl9,-0.8789706541341991,0.0,2.555250704825084,609.2518097894184,22,1
Sr(H2N)2,-0.651188023571428,0.0,2.440068357286912,325.74279732373043,28,1
Sr2CeO4,-3.49213323142857,0.0,5.495843953065424,229.23921357119025,14,1
Sr2GeS4,-1.684846761428569,0.0,3.509603778287727,355.9348598693683,14,1
Sr2H6Os,-0.6854521869444451,0.0,5.567303669214543,110.81119188134248,9,1
Sr2H6Ru,-0.6912334919444441,0.0,4.272806184686546,109.7325439914482,9,1
Sr2NbN3,-1.221069149583333,0.0,4.796368323339664,429.5279448690778,24,1
Sr2SnS4,-1.600842348749998,0.0,3.658891660345114,383.2287284740521,14,1
Sr2TaN3,-1.363282355180556,0.0,6.170293028413287,428.6602949824001,24,1
Sr3(BS3)2,-1.667987425757575,0.0,3.065291179798121,516.6651644623379,22,1
Sr3UO6,-3.533912545000001,0.0,6.121614436931813,323.820255504828,20,1
Sr5(IO6)2,-2.348817630263159,0.0,5.134601669305274,1715.1321152095993,114,1
SrGa4O7,-2.502236169583332,0.0,4.622501466368977,343.7882719362211,24,1
SrTeO4,-2.273476966527777,0.0,5.016039527716521,369.73531035419313,24,1
SrVF5,-3.675877097857142,0.0,4.145074161602383,748.5023858967381,56,1
Ta2Mn4O9,-2.680466133092722,0.0,6.921449967531431,348.1807400788327,30,1
Ta2SnO6,-2.9833550249629632,0.0,7.940150241922997,241.17186284728467,18,1
TaPCl10,-1.518135313081349,0.0,2.7991172786179783,672.0797932018996,24,1
TaTl3Se4,-0.714410679197918,0.0,7.289256899901476,252.8508832238013,8,1
Tb2MoO6,-3.183555702870368,0.0,7.321008320716036,462.5162863445161,36,1
Tb4(SiS4)3,-1.6303586413815792,0.0,4.17549107698961,1757.360183488864,76,1
TbCrO3,-3.214648261833333,0.0,7.801541691124652,220.4416567686988,20,1
TeHO3,-1.384043778583333,0.0,5.089482963780082,460.96846686936,40,1
TePb5O8,-1.541685600654761,0.0,8.47864005571746,1011.8341025158912,56,1
TeS7Cl2,-0.16951334571875,0.0,2.472262792052468,1136.3569704741917,40,1
Th(PS3)2,-0.997178864758596,0.0,3.312995627090276,487.56216378210286,18,1
Th2AuF11,-3.590026694999996,0.0,7.106872342932434,406.567231813116,28,1
ThNCl,-2.420877790416663,0.0,7.980525420378967,117.14467482222337,6,1
ThNF,-3.109788090000002,0.0,9.346448352346648,94.17791876383468,6,1
Ti(SeO3)2,-1.9756995158912032,0.0,3.965678614826836,252.73007423132103,18,1
Ti2PCl13,-1.71823460890997,0.0,1.915109175378282,4075.913336965478,128,1
Tl2(SeO3)3,-1.205015005264139,0.0,5.902477777659744,888.5963560318829,56,1
Tl2PS3,-0.650165245530755,0.0,5.213841870998478,2731.012187304359,96,1
Tl2SiS3,-0.8455239856944421,0.0,5.436465269746531,325.6327374382751,12,1
Tl2SnCl6,-1.431323001296296,0.0,4.890340442825908,251.3367043780097,9,1
Tl3PS4,-0.672541053080357,0.0,5.777854218039111,887.9235762994724,32,1
TlGaI4,-0.849844910972226,0.0,4.9363415619089634,1051.8587694275031,24,1
TlSb3F18,-2.51956744219697,0.0,4.160045521446158,727.7828040839146,44,1
US2O9,-2.3576608375,0.0,3.816083120739945,1553.122004139282,96,1
USe2O7,-2.16542318621875,0.0,4.912685458378471,686.7624982497528,40,1
V2CdO6,-2.180888695555554,0.0,4.803170970816857,107.27274426030148,9,1
V2PbO6,-2.213791998888889,0.0,5.17213338569711,260.10549945792894,18,1
V2S2O11,-2.0011645385,0.0,2.792897796929049,813.3702405461183,60,1
V2Se2O9,-1.782978017668271,0.0,3.84735224286961,697.1253448831092,52,1
V3(Bi3O8)2,-2.000582200400001,0.0,7.431773933154116,1486.03757187138,100,1
V4Cr2O13,-2.361630009605264,0.0,2.91219606922689,1176.326960762548,76,1
V4Fe2O13,-2.182783057105263,0.0,3.123334315462979,1113.1772620538131,76,1
VBiO4,-2.154109184999999,0.0,7.074338969265446,152.06536936394178,12,1
VPO5,-2.501775414234692,0.0,3.436233871776135,156.48622675010432,14,1
VXe2F17,-1.4008346705,0.0,3.15239953232343,1341.1164334324685,80,1
YCrO3,-3.191012650500001,0.0,5.719311184536888,219.3803195109757,20,1
YbCrO4,-2.864950179166667,0.0,6.373597576358977,150.60622973567925,12,1
Zn(GaO2)2,-2.176957137857143,0.0,6.151538832288072,145.1475013418485,14,1
Zn(GaS2)2,-0.8750105280357151,0.0,3.768506629263857,146.78240629193527,7,1
Zn(H2N)2,-0.415021809107143,0.0,2.490184646066881,1039.7715053831605,112,1
Zn2GeO4,-1.969291861428572,0.0,4.755174506972145,560.383815647266,42,1
ZnMoO4,-1.920267846666667,0.0,5.722572048722729,130.77924738719673,12,1
Zr(InBr3)2,-1.446075890925921,0.0,4.49513981316358,591.2620748673273,18,1
Zr2TeBr12,-1.492369722444444,0.0,3.4679800622392,2430.2923795842075,60,1
ZrSO,-2.847103474999998,0.0,4.937205526844764,187.38845591074283,12,1
AgSbS2,-0.250111398906248,0.0,5.037409127368564,387.3395667497914,16,1
Al(BiCl)4,-1.103487203055556,0.0,5.071691198175095,3947.4849865860497,108,1
Al(SeCl2)2,-1.069165520446427,0.0,2.57894438387564,1682.9229752279543,56,1
Al(TeCl2)2,-1.1156219646428571,0.0,2.9569113344484963,1904.8466597665936,56,1
Al2HgSe4,-0.825231304821429,0.0,5.16996714897972,183.20425656780225,7,1
AlAgO2,-2.304877096666654,0.0,6.30693839740901,87.85832335519181,8,1
AlPI8,-0.6438012067142851,0.0,3.689863789335752,1931.8606688980203,40,1
As(IF2)3,-1.726892136249988,0.0,4.034902013756525,468.8516723779201,20,1
AsI5F6,-1.446461231874999,0.0,4.267401307194904,640.8326006426267,24,1
Au2Se4O11,-0.988463535257348,0.0,5.718045147783385,514.4590160524397,34,1
AuXe2F17,-0.91849592,0.0,3.895862590380789,1334.147707746949,80,1
Ba(CuO)2,-1.616588649999994,0.0,5.907405636175781,166.64280980517356,10,1
Ba(DySe2)2,-2.239951934672619,0.0,6.33934568922243,815.3375866760265,28,1
Ba(ErSe2)2,-2.236903161696428,0.0,6.537725382763253,800.2671498703946,28,1
Ba(ErTe2)2,-1.767831322023807,0.0,6.592348643286566,989.6662229073892,28,1
Ba(GaAs)2,-0.6460903610000001,0.0,5.356669131520892,528.995052075059,20,1
Ba(GaP)2,-0.655365195857142,0.0,4.575314766103028,491.7333049330642,20,1
Ba(LuSe2)2,-2.217454517529764,0.0,6.842874325971653,779.544104654393,28,1
Ba(SmSe2)2,-2.236313439196427,0.0,5.869572565424152,853.1175320507592,28,1
Ba(TmSe2)2,-2.229560272410717,0.0,6.621662694958519,793.4836179284227,28,1
Ba(TmTe2)2,-1.755499247738097,0.0,6.669472607727202,981.5586898885284,28,1
Ba(YSe2)2,-2.240760022410714,0.0,5.118428248655952,818.8175984044426,28,1
Ba2B4Se13,-0.876353019586073,0.0,4.605429852984838,1938.921890499088,76,1
Ba2Ge2Se5,-1.38657067796875,0.0,4.910478330678781,1102.0495721851778,36,1
Ba2GeSe4,-1.62330692705357,0.0,4.947741946035637,445.1161460726647,14,1
Ba2Re6S11,-1.170297625394733,0.0,7.250970194048355,799.0640270175059,38,1
Ba2ThS6,-1.9835559516666696,0.0,4.684906581797498,495.5714916064818,18,1
Ba2VN3,-1.216871307916668,0.0,5.422509321080526,450.3007961803385,24,1
Ba3Al3P5,-0.9240449513528132,0.0,3.529046950812372,1828.8585550027824,66,1
Ba5(TiN3)2,-1.141126497435894,0.0,5.398986526298691,532.9542191867505,26,1
Ba6Sn7S20,-1.3475262210606052,0.0,4.015307072948397,1899.2235825078344,66,1
Ba7Cu3H17,-0.507776227268518,0.0,4.277430999608264,907.6817787333254,54,1
BaNiO3,-1.8200224730000008,0.0,6.072761251153483,133.449151553611,10,1
BaPdF4,-2.851794986666661,0.0,5.068183307562875,209.51956411708267,12,1
BaPt2S3,-1.229962742916658,0.0,7.549908175402657,1646.1046991091691,72,1
Bi2(PSe3)3,-0.24818150289222,0.0,5.181998792840427,1565.716416082682,56,1
BiIO,-1.334933545,0.0,7.58848827566523,154.0010489653947,6,1
Ca2PbO4,-2.551106224285708,0.0,6.006274384912787,194.2756329801012,14,1
Ca4GeN4,-1.005702749166666,0.0,3.43994983755151,557.9855631391922,36,1
Ca4SiN4,-1.2228174252778,0.0,3.015632454232651,538.3628212472416,36,1
Cd(GaSe2)2,-0.8853534391964281,0.0,5.163480131897585,182.5673813806625,7,1
Cd(SbO3)2,-1.8425228622222232,0.0,6.486808372977494,115.68757080803138,9,1
Cd2SiO4,-2.215267584285709,0.0,5.965081773206399,176.43791618028882,14,1
Cd3(BO3)2,-2.086124205303029,0.0,5.783014579006111,261.2127321759273,22,1
Cd3AsCl3,-0.990581138928571,0.0,4.475271282071494,769.573091859463,28,1
Cd4P2Br3,-0.6612911865873,0.0,5.114675492739633,1951.3556330057995,72,1
Cd4P2Cl3,-0.734202555383597,0.0,4.470986320263327,1836.0709030619528,72,1
CdSiP2,-0.272582178988093,0.0,3.960434743397996,169.76227734194765,8,1
CdSnP14,-0.034333152968748,0.0,3.040577240363151,1452.1577294287815,64,1
Ce(IO3)4,-1.336918337941175,0.0,5.318725377859627,524.3357602973116,34,1
CeP2O7,-3.109137874928571,0.0,3.030298353210552,688.3913277772904,40,1
CoAgO2,-1.005616199166666,0.0,7.578299942146375,87.12125219781167,8,1
CoSeO4,-1.333769276640624,0.0,4.637370473472626,144.58519292438015,12,1
Cr2TeO6,-2.022343471296295,0.0,5.8135509132781324,187.13989992944465,18,1
Cs(SbS2)2,-0.615817549464286,0.0,4.020155090509941,416.9241685242157,14,1
Cs10Si7O9,-1.824425581309681,0.0,3.676089722947988,3016.8089549041724,104,1
Cs2Au2Se3,-0.7905192645982141,0.0,6.032844305183754,493.5911401467344,14,1
Cs2MnF5,-2.9765578840301723,0.0,4.018490249696171,171.79439807986878,8,1
Cs2NaAs7,-0.345263397568965,0.0,4.000834270108674,1350.1549077645575,40,1
Cs2PSe5,-0.777240616661085,0.0,3.910888488507438,587.2851444356495,16,1
Cs2PbCl6,-1.742068167701147,0.0,3.880169043026973,293.46134697481983,9,1
Cs2PbO3,-1.536935591551725,0.0,6.350232035028116,272.480112897268,12,1
Cs2Pd3S4,-0.8843507479166671,0.0,4.850992120871818,244.1797066782508,9,1
Cs2Pt3Se4,-0.838791477361111,0.0,7.170378943160853,270.23507042637664,9,1
Cs2PtBr6,-1.409635323256703,0.0,4.9366546968032194,316.29440799930995,9,1
Cs2SnBr6,-1.609659967145594,0.0,4.327556678085349,331.5067533175784,9,1
Cs2TeI6,-1.070394815108554,0.0,4.592671626805513,417.54632418324377,9,1
Cs2ZrSe3,-1.6363833120312492,0.0,4.324974494889575,456.0576720908783,12,1
Cs3AuO,-0.866148916793104,0.0,5.366422164251121,378.5473320676773,10,1
Cs3BAs2,-0.337849621355363,0.0,3.893024362004402,477.1902634420508,12,1
Cs3SbSe4,-1.070998582031251,0.0,4.19337541466686,1324.6951139352914,32,1
Cs4Nb2S11,-1.248800376683569,0.0,3.227425138093645,2202.406051970629,68,1
Cs4Re6S13,-1.048543179613942,0.0,5.792260818183647,1184.4045987953805,46,1
Cs4Zr3S14,-1.459683590648603,0.0,3.332290360978772,1249.9837615510462,42,1
Cs5FeO4,-1.4499855250775862,0.0,4.893609413673144,1064.634860905798,40,1
CsAgO,-0.9897648946072792,0.0,5.213697371306408,327.12422955475057,12,1
CsAlTe3,-0.8045202115000021,0.0,4.351085130486324,828.4397309046539,20,1
CsAuO,-1.061347121551727,0.0,7.071678835584058,324.8637387404581,12,1
CsBi3S5,-0.6585908918402791,0.0,5.738662960947725,1065.0431895763147,36,1
CsBi3Se5,-0.6760861061458361,0.0,6.408777869298507,1196.6936053651734,36,1
CsCu2Br3,-1.063013854942529,0.0,4.680228121429063,354.59257339612583,12,1
CsCu3O2,-0.969435053275862,0.0,4.731709939199385,124.77345540897284,6,1
CsFeCl4,-1.680095264109195,0.0,2.757318310542176,796.2981469819492,24,1
CsIn3O5,-1.919465404683909,0.0,6.532068853572471,566.7497897823531,36,1
CsInTe2,-0.931109072187499,0.0,4.683208109241317,1426.5845461641318,32,1
CsMnCl3,-1.901258555729885,0.0,3.470400822528253,422.315546166055,15,1
CsTeAu,-0.710220707107279,0.0,5.555715307690348,273.4661949036073,6,1
CuReO4,-1.769135923125,0.0,5.554785716703551,750.3369599335266,48,1
Dy4Te3S4,-1.973793764659092,0.0,6.327594458003352,304.6948570207459,11,1
DyAgSe2,-1.436800769505207,0.0,7.182270842213075,396.0804617302096,16,1
ErCoO3,-2.653127237499942,0.0,9.040484271457936,201.45109439388892,20,1
ErSF,-3.323758545381942,0.0,7.739259604601134,93.6867085869724,6,1
ErTlS2,-1.734548867083325,0.0,7.065555167859005,102.41473049192884,4,1
Fe2GeO4,-1.831330290714285,0.0,5.601316735348605,147.23598060888963,14,1
FeBO3,-2.270362331833334,0.0,4.222110400646406,90.18607292723622,10,1
FePCl8,-1.204013893464289,0.0,2.084334206812788,1180.491451379719,40,1
FeSCl7,-0.933032304722222,0.0,2.083048250993553,1071.6518540092552,36,1
FeSeCl7,-1.007454041927079,0.0,2.491779038432064,510.43579688379344,18,1
Ga(BiCl)4,-0.922525083240742,0.0,5.335332121115246,3912.054729603826,108,1
Ga2PdI8,-0.71264459227273,0.0,4.437395235106587,471.9229702304659,11,1
Ga2Te2Cl7,-1.000938627499999,0.0,3.070760032179469,1390.43458946808,44,1
GaCuI4,-0.6676176529166651,0.0,4.669644442240902,227.90122774330152,6,1
Gd2SeO2,-3.435754594468753,0.0,7.825644602575555,90.2789475510091,5,1
GdPS4,-1.210425760912699,0.0,3.762655883763886,1117.3674489091593,48,1
GdSI,-2.115598449166665,0.0,4.780726541939773,219.6715411132845,6,1
GeAsSe,-0.328340144947918,0.0,4.6451289805219975,647.8148922124764,24,1
GePdS3,-0.6512282284999991,0.0,4.007212268784747,228.1245165560433,10,1
Hf(Se2Cl3)2,-1.036272630113638,0.0,3.655746064011276,1284.6415537660553,44,1
Hf(TlS)4,-1.017656272370373,0.0,7.399374699528846,1261.536448235914,45,1
Hf(TlSe)4,-0.933557288967596,0.0,7.777163345885484,1400.51069827881,45,1
Hg2AsF6,-1.859988353888891,0.0,6.454933571243915,607.2073956799209,36,1
Hg2P2O7,-1.97238532448052,0.0,6.500130867622658,293.8447754557699,22,1
Hg3(SBr)2,-0.6122714735714321,0.0,6.743661711919598,813.2794616198861,28,1
Hg3(SI)2,-0.467214151785717,0.0,6.660122097637196,917.2280041611144,28,1
Hg3(SeBr)2,-0.64565954745536,0.0,7.197524971955516,848.5485533484597,28,1
Hg3(TeI)2,-0.474915341547625,0.0,7.042107839487522,1047.6930295692646,28,1
Hg3AsO5,-1.059342347222227,0.0,8.740101770736748,575.0555380294812,36,1
Hg7Cl2O3,-0.6106302279166691,0.0,9.185112607087216,1101.372578455472,48,1
HgP14Pb,-0.038841564322915,0.0,3.88564113675734,1438.3368536218566,64,1
HgSO4,-1.470038915833334,0.0,6.39970907379453,153.94550778114908,12,1
HoHSe,-1.654941534270833,0.0,8.325064360643623,48.84804614782874,3,1
HoTlS2,-1.731263990833324,0.0,6.957812071768453,103.44488421855114,4,1
In2(PS3)3,-0.480086242088648,0.0,3.076968305760182,1319.2539412959757,56,1
InOF,-2.375712292222223,0.0,6.544948070996765,152.04092763398808,12,1
InSbS3,-0.522175905687501,0.0,4.505408610764415,490.59485125450334,20,1
K2(ReS2)3,-1.058067123136363,0.0,5.687691984057335,968.3587775014404,44,1
K2Al2Sb3,-0.491017206071429,0.0,3.648290127989335,1811.2989664508568,56,1
K2Cd3Se4,-1.031509651263887,0.0,4.558188684746677,1065.6002399202484,36,1
K2CdO2,-1.406970080899999,0.0,3.853587403206948,383.6909196532737,20,1
K2MoS4,-1.108780208749999,0.0,2.52579943967571,795.2196995838813,28,1
K2PdC2,-0.064741491499998,0.0,2.9043446984877592,119.2873387093763,5,1
K2PdCl4,-1.547152971071427,0.0,2.656567630226341,204.0405207788224,7,1
K2PdO2,-1.2888827849,0.0,4.455404544843593,80.7330356888642,5,1
K2Sn2O3,-1.742462365642854,0.0,4.13826984345966,291.8111207988129,14,1
K2Sn2S5,-1.028475990222223,0.0,3.269186103197366,483.4962558094525,18,1
K2Ta3Cl9,-1.8748970433214271,0.0,4.2794053252804805,729.5880084001393,28,1
K2WSe4,-1.078622331625001,0.0,4.266878946031491,899.5677469279668,28,1
K2Zn3O4,-1.708242246055554,0.0,4.293919767100468,261.7476124595242,18,1
K3(NiO2)2,-1.284708727416665,0.0,3.313781459753919,299.336967182846,18,1
K3Nb2S11,-1.169109509953124,0.0,2.4048710825150432,1811.3555535003893,64,1
K3SbSe4,-1.086499508265623,0.0,3.525553037211479,522.712124640676,16,1
K6HgSe4,-1.162699560943181,0.0,3.3406547507426563,746.6187383852689,22,1
K6MnTe4,-1.186450946543885,0.0,3.023228571923615,878.7370226780262,22,1
KAgF4,-2.027953733152777,0.0,3.792977087687259,195.2207825350668,12,1
KAgO,-1.027251272138884,0.0,4.099159386853135,264.0651098774407,12,1
KAuCl4,-1.318467975374999,0.0,3.368241353990244,745.1714261457379,24,1
KCrF3,-2.9281725704499992,0.0,3.418906474957139,143.85218425808222,10,1
KCrF6,-2.618868484656249,0.0,3.117011113540737,109.25573950275457,8,1
KErTe2,-1.634075416770834,0.0,5.465429105597077,140.23307471677214,4,1
KOsF6,-2.472495730906249,0.0,4.930986908783361,115.61461347852912,8,1
KPSe3,-0.799751221618154,0.0,3.278374933214612,3731.404010154259,120,1
KPbO2,-1.568944236187498,0.0,6.530503734025406,566.1103345075451,32,1
KSnS4,-0.9000278957916661,0.0,2.871373913969228,1323.4851387479437,48,1
KTaS5,-1.165397501369046,0.0,3.780327008162937,1336.6488197129358,56,1
La(SbO3)3,-2.311320759615384,0.0,6.261880652980352,343.7715881455653,26,1
La2ThS5,-2.468250272382808,0.0,5.711172890213989,779.4196602427781,32,1
La3B2N5,-1.62582112,0.0,6.169396209249174,1094.656771307993,80,1
La3InS6,-2.081571309437498,0.0,4.946778302667944,972.0304331585062,40,1
La3S3N,-2.35185082924107,0.0,5.171178175117708,676.803681423427,28,1
La4Se3O4,-3.256037440639207,0.0,6.130139718602654,232.0095319763418,11,1
LaSF,-3.452929627604165,0.0,5.5278248430274495,114.13195763048722,6,1
LaSeCl,-2.517520758020834,0.0,5.518514480417228,304.89742644983494,12,1
Li10BrN3,-0.6631821730952381,0.0,1.757778095888539,180.7496341921065,14,1
Li2MnO3,-2.180112729932952,0.0,3.969588299469367,195.4673833959864,24,1
Li2NiO3,-1.5850437602777832,0.0,4.25723064034632,94.05981968799996,12,1
Li2SnSe3,-1.06635561561632,0.0,3.980317975904259,308.2782298946624,12,1
Li4PbO4,-1.919143204259254,0.0,5.122514555962003,193.8256732273988,18,1
Li5BiO5,-1.948860575606061,0.0,4.413627443517979,121.77903034390047,11,1
LiB6C,-0.243856877291666,0.0,2.344102479741133,118.75126324505165,16,1
LiCaN,-0.7978766309722221,0.0,2.372116007124854,170.87791425417905,12,1
LiCuO,-1.432946590277778,0.0,4.2894703998712185,133.92240303969075,12,1
LiInTe2,-0.8370955545833321,0.0,4.704605033033507,266.1031655628087,8,1
LiMgAs,-0.8998631680555551,0.0,3.022463836722795,58.328389330975824,3,1
LiScS2,-2.020776623333332,0.0,2.699858092095306,71.36198036372909,4,1
LiZnP,-0.655819149880952,0.0,3.705776588364316,46.29883627834184,3,1
Lu2MgSe4,-1.946865798244048,0.0,6.130394039278892,373.8432248231312,14,1
LuCuS2,-1.582860885572916,0.0,6.521776914959418,77.05730068446398,4,1
LuTlS2,-1.72582561624999,0.0,7.377053181527015,99.82527511955028,4,1
Mg(BC)2,-0.228509331249999,0.0,2.444741489642583,380.087796892242,40,1
Mg2GeSe4,-1.095587609910714,0.0,4.320046404839095,672.0344668586747,28,1
MgSiAs2,-0.297332561249999,0.0,3.590920896404339,187.03667895849475,8,1
MgSiP2,-0.411262341071428,0.0,2.28140300526044,166.4438551295536,8,1
Mn(Ni3O4)2,-1.361432144528734,0.0,6.142112964309543,144.6642070855784,15,1
MnMoO4,-2.083752250488489,0.0,5.297088616763617,134.7190612798825,12,1
Mo(BrO)2,-1.392631681999999,0.0,4.111981233668229,232.401256492548,10,1
MoS2Cl3,-0.7789774501041671,0.0,3.104310044976815,570.066464451331,24,1
Na10Co4O9,-1.462982004295352,0.0,3.204830813158644,631.7377162044643,46,1
Na14Cd2O9,-1.455311590972413,0.0,3.134704078564414,365.86870220224085,25,1
Na2B2Se7,-0.713530352954381,0.0,3.9102812128699993,526.8511866829477,22,1
Na2Ge2Se5,-0.8632113688308221,0.0,3.978850703455322,978.3476000115536,36,1
Na2Mn3O7,-1.937155033462644,0.0,3.946251620931512,271.6524857617183,24,1
Na2PtO2,-1.362201988551723,0.0,6.723900463580867,67.43566226953892,5,1
Na2SnSe3,-1.014586782256645,0.0,3.683850317316952,4344.293166967193,144,1
Na2ZnO2,-1.6469667305517222,0.0,3.6909986017271583,258.03345167702247,20,1
Na2ZrSe3,-1.555228321197918,0.0,4.3352198535060165,286.5738536644139,12,1
Na3AlP2,-0.648331853492063,0.0,1.966494208194009,266.663803611092,12,1
Na3InP2,-0.529857329950396,0.0,3.110281431920598,1049.557211400588,48,1
Na3MoN3,-0.531690018091132,0.0,3.278325657817331,419.2559270948067,28,1
Na3VS4,-1.284463191767239,0.0,2.304752707771497,1430.426163183347,64,1
Na4SeO5,-1.6840520935361,0.0,3.477252293861028,479.29331930429146,40,1
Na4SnSe4,-1.120886811099137,0.0,3.6021999914389413,485.4194067820355,18,1
Na5NpO6,-2.448083608803877,0.0,4.873922840589578,152.614353093654,12,1
Na5SiP3,-0.540155518492063,0.0,2.098138154256491,746.9737772789399,36,1
Na5SnP3,-0.490688229880952,0.0,2.667327849939681,813.2469628551495,36,1
Na5TlO4,-1.480701408272988,0.0,4.148329007029042,1227.5478019385828,80,1
Na6MnS4,-1.280418367793886,0.0,2.224574041475686,479.4265875932513,22,1
Na7In3Se8,-1.119107745694445,0.0,3.9819313728104513,948.3521108776914,36,1
NaAsS2,-0.707556392656249,0.0,2.853379324611498,377.2032996439169,16,1
NaAsSe2,-0.650343115781248,0.0,4.025444214952513,844.2655477837195,32,1
NaCrF6,-2.563722792984914,0.0,3.062233231964267,409.9002080005814,32,1
NaGdSe2,-1.959023429531249,0.0,5.391757966300892,104.14553308058224,4,1
NaNbO2,-2.522986689094827,0.0,5.564450391300988,88.2693972494368,8,1
NaRhO2,-1.459174442844828,0.0,6.118637517373269,42.85092386653504,4,1
Nb(SBr)2,-1.263273574999999,0.0,4.041810404209689,260.3449535755908,10,1
Nb2Se17Cl12,-0.578988580131049,0.0,3.456233483316171,1877.174826833054,62,1
NbCu3Se4,-0.596006779531249,0.0,5.473847418333714,181.8284476776296,8,1
Nd2ThS5,-2.360075100195313,0.0,5.979890211749929,756.250099233115,32,1
Nd4Se3N2,-2.03018731329861,0.0,6.435849586720184,434.42399469593096,18,1
Nd4Se3O4,-3.134966523366476,0.0,6.616116092586185,220.32517157254347,11,1
Ni(PO3)2,-2.380431134642857,0.0,3.497809534664725,411.3828797372334,36,1
PAuCl8,-0.595116317047617,0.0,2.922395416889458,1162.7072117554249,40,1
PAuS4,-0.211740808204363,0.0,3.435265065650632,344.36036454690577,12,1
Pd(NO3)2,-0.755867288333332,0.0,3.183076940340627,240.42000377652064,18,1
Pd(Se4Cl)2,-0.202422439545451,0.0,4.234432943598672,1269.011540394932,44,1
Pd(XeF8)2,-0.9910050425,0.0,3.69569654629858,1209.526070418239,76,1
Pr2ThS5,-2.3636624093619822,0.0,5.841508839352104,766.5824261667883,32,1
Pr4Se3N2,-2.000509450706014,0.0,6.174348473624478,445.6491160137178,18,1
Pr4Se3O4,-3.104685029427083,0.0,6.352462165441365,225.983186063778,11,1
PrVO3,-3.202563797833333,0.0,6.648298263782472,239.62576821509148,20,1
Rb14Si10O17,-2.187558969207317,0.0,3.05914444568927,3798.365368420666,164,1
Rb2(ReS2)3,-1.053173752727272,0.0,6.032322805067504,1015.150147689692,44,1
Rb2Cd3Te4,-0.863228203518516,0.0,5.045938982790017,1340.779552095867,36,1
Rb2CdO2,-1.353627480499999,0.0,4.91926266507445,425.7901167915607,20,1
Rb2GeSe3,-1.110592218671873,0.0,3.8064064173725902,419.1960637337528,12,1
Rb2Pt3S4,-0.9379258116666632,0.0,6.435480526053441,228.2129184005574,9,1
Rb2SnBr6,-1.57136905222222,0.0,4.075219078475288,313.37459192801026,9,1
Rb2Th7Se15,-1.99923215000651,0.0,7.293597597220945,2713.473284577968,96,1
Rb2WSe4,-1.10841219705357,0.0,4.596168538125686,969.1406163495624,28,1
Rb2Zn3O4,-1.678057365555555,0.0,5.140843528908052,278.53730697582364,18,1
Rb3AsSe4,-1.0551996005468731,0.0,3.801378552712571,1130.7926849530415,32,1
Rb3CuO2,-1.237837759583333,0.0,4.116188534417284,567.9270816999009,24,1
Rb3IO5,-1.493134368055556,0.0,4.122402502922696,746.4926928756631,36,1
Rb3MnO3,-1.655166975775862,0.0,4.186378248833895,570.1324469348978,28,1
Rb3Sb5O14,-1.973021488977272,0.0,5.524166811188433,1309.6279750149586,88,1
Rb3SbSe4,-1.098475425546881,0.0,3.86018216574059,1194.1610095824378,32,1
Rb3TlO3,-1.373017168690475,0.0,5.251369120367217,643.5329024344761,28,1
Rb4P21I,-0.321385149134614,0.0,2.502370387486577,1485.4046419738022,52,1
Rb4P2Se9,-0.9451267643586332,0.0,3.685795674128952,1004.180596501748,30,1
Rb4Re6S13,-1.050790581630434,0.0,5.41675085560311,1150.173586140238,46,1
Rb4Zr3Se14,-1.346294261562497,0.0,4.3349792015388005,1318.465304538418,42,1
Rb6HgSe4,-1.143552495625003,0.0,4.089194048359439,835.9045303159661,22,1
Rb6Ta4S25,-1.143791942480951,0.0,3.295813215512615,2053.847853625246,70,1
Rb7NaGe8,-0.203399080867457,0.0,3.345896442305854,2386.931278581548,64,1
RbAgO,-0.9997084205555552,0.0,4.749830446430842,292.7343311663189,12,1
RbAuBr4,-1.119264391249999,0.0,4.807982744884848,415.86179103868193,12,1
RbAuO,-1.067955709166669,0.0,6.849364447527324,289.4054979924927,12,1
RbAuO2,-1.136231163125,0.0,6.026663137025951,173.27285401154876,8,1
RbBiS2,-1.017452068125,0.0,5.161621539321556,115.35776208989006,4,1
RbCaSb,-0.8635735924999991,0.0,3.315734799387384,247.7043353241881,6,1
RbCrF6,-2.6319465546875,0.0,3.551071916878567,117.58413523315444,8,1
RbGaH2,-0.298481811874999,0.0,3.324940106050818,314.0481636892319,16,1
RbMnCl3,-1.823708969086208,0.0,3.114640125663711,789.3611759695846,30,1
RbSmTe2,-1.609176243958335,0.0,5.238491249626082,155.64993923486114,4,1
RbSnS4,-0.910763241354166,0.0,3.169397751644508,2786.7803153611867,96,1
RbYTe2,-1.591618741458334,0.0,4.743981049611957,300.7279415103493,8,1
Re3(SBr)7,-0.785127648235293,0.0,3.976249062958257,2242.429234049726,68,1
Re3Se4Br,-0.7573641083593741,0.0,7.540316870524093,840.6863496629469,32,1
ReHg2O5,-1.504287073750005,0.0,7.616257134460916,582.0272004260341,32,1
Rh2(Se3Br2)3,-0.703639325064342,0.0,4.591035628994768,2019.5051024666448,68,1
S3(NO7)2,-1.255126798289473,0.0,2.282206780814309,506.70229170365866,38,1
SbIrS,-0.5933227426041671,0.0,10.25508974976436,224.12919777619723,12,1
SbSe5F6,-1.589629470351562,0.0,3.779856766397097,4432.140874123725,192,1
SbSeI,-0.60188073578125,0.0,5.3874314898745,403.92772149890897,12,1
Si4P4Ru,-0.401065874100529,0.0,3.707272429263886,151.08453487858102,9,1
Sm2TeO2,-3.278480227333331,0.0,7.482034218998491,102.16170203412248,5,1
Sm3FeO6,-3.3350189425,0.0,6.99785325554785,286.13762027531544,20,1
Sm4S3N2,-2.116760882500001,0.0,5.857408726926924,205.7168234267932,9,1
Sn15Ru3O14,-1.502136467968749,0.0,7.003597169945471,547.1870595528774,32,1
Sr(DySe2)2,-2.26222997910714,0.0,6.212543381273649,778.8348276820857,28,1
Sr(ErSe2)2,-2.250829536488091,0.0,6.421780402136165,763.3031480700892,28,1
Sr(LuSe2)2,-2.235004940654761,0.0,6.732635181737837,743.2692464522459,28,1
Sr(MgAs)2,-1.146270626999999,0.0,3.792269228603565,125.264240451145,5,1
Sr(ScS2)2,-2.282851445535714,0.0,3.329279432980175,610.0770815074989,28,1
Sr(TbSe2)2,-2.215435640744049,0.0,6.0949104386576725,786.0752728438025,28,1
Sr(YSe2)2,-2.267338949107142,0.0,4.935958137538388,782.1981785610218,28,1
Sr2FeH6,-0.618383489722221,0.0,3.862899920891555,101.93585667503194,9,1
Sr2Ge2Se5,-1.325382537413196,0.0,4.854604083338215,978.7136373877252,36,1
Sr2PbO4,-2.4660533835714302,0.0,6.725802950749754,220.4426983744759,14,1
Sr2Sb2O7,-2.570062335909088,0.0,5.869625819890577,300.3055962231564,22,1
Sr3(AlP2)2,-1.163182541878307,0.0,3.259068581765055,449.1035680243118,18,1
Sr3(CoO3)2,-2.316033964545454,0.0,5.557001301943329,284.9079111990537,22,1
Sr3Ga3N5,-0.776397881704547,0.0,5.309913093099539,339.0322749193775,22,1
Sr4PdO6,-2.581484783181816,0.0,5.625669197151822,326.3988833354515,22,1
Sr4TiAs4,-1.334374570046296,0.0,4.2920063207402,2160.503305674021,72,1
Sr4TiP4,-1.299367493035714,0.0,3.443741468399118,2014.560804596813,72,1
Sr5(GeN3)2,-0.79377964,0.0,4.85513455029244,456.5382501587851,26,1
SrHfS3,-2.074540924687499,0.0,5.183263719549967,464.280143999116,20,1
SrLiP,-1.134869963214286,0.0,3.133051646184146,133.068586195327,6,1
SrPdF4,-2.864338633333332,0.0,4.944867487441808,181.3603153121157,12,1
SrTh2Se5,-2.139048075351564,0.0,7.108581537799525,884.3923504501812,32,1
Ta2Se17Br12,-0.843381478693884,0.0,4.000105507002879,2211.002386104564,62,1
Tb4Se3N2,-2.057414417077544,0.0,7.187021865488953,208.079629722272,9,1
Tb4Te3N2,-1.848107357222223,0.0,7.359770042363698,944.4744600291734,36,1
TbCoO3,-2.622154927833276,0.0,8.586979182753064,205.64415112513475,20,1
TbVO3,-3.291628755333334,0.0,7.563310371821145,226.45903361633887,20,1
Th2SN2,-2.296756592062496,0.0,8.952684406781984,97.21989716689076,5,1
Th2SeN2,-2.2334680133125,0.0,9.328971482811628,101.64572146782768,5,1
Ti(CuS)4,-0.82992570925926,0.0,4.631598565750239,154.27680446480318,9,1
Ti(PS3)2,-0.9187834819576712,0.0,2.136091773944847,469.8509907919472,18,1
Tl2(ReS2)3,-0.780970229924243,0.0,7.713542179598569,998.6882646269856,44,1
Tl2Ge2Se5,-0.610636712598382,0.0,5.781154933248509,1090.1606102607834,36,1
Tl3BO3,-1.6444112220238152,0.0,7.947793654931188,280.78593510415857,14,1
Tl3BS3,-0.632581811666666,0.0,6.571061638381159,363.97376004133497,14,1
Tl4Bi2S5,-0.6316266425757591,0.0,7.488308351357199,1238.0964408242933,44,1
Tl4SiSe4,-0.6693635839120391,0.0,7.091705941925311,1087.8327789597236,36,1
Tl5SbO5,-1.253834989924244,0.0,9.138571783150384,889.3983435178177,44,1
TlGaSe2,-0.6917579945312471,0.0,6.256269728893391,917.3473395950203,32,1
TmTlS2,-1.731886729583327,0.0,7.15859471336665,101.47224546537744,4,1
V2Hg2O7,-1.714846596363638,0.0,7.218980060254308,565.9132770177713,44,1
VBrO,-1.988522311666666,0.0,4.326720810140275,112.71431824743266,6,1
YSF,-3.332084884270834,0.0,4.783357557393636,97.1804471117442,6,1
Zn(GaSe2)2,-0.915275577767856,0.0,5.104347978029998,169.39174072865404,7,1
ZnSiP2,-0.391656841488096,0.0,3.418565574455873,151.00927439980956,8,1
Zr(Se2Cl3)2,-1.02073578715909,0.0,3.17508872869701,1296.5586939018635,44,1
Zr(TlSe)4,-0.873788117250003,0.0,7.480153456044356,1359.2578704423545,45,1
ZrBrN,-1.9025169500000008,0.0,5.238049756165821,117.38086358244163,6,1
Ag3AsS3,-0.160047236205353,0.0,5.393890423250708,609.210655176892,28,1
Ag3SbS3,-0.206789332633925,0.0,5.802740886522704,619.9007608841648,28,1
Ag5BiO4,-0.6585394598333311,0.0,8.20077131927059,657.9319829937269,40,1
AgTeO3,-1.146425267166666,0.0,6.2757131490630265,600.0363880095312,40,1
Al2CdTe4,-0.582113531428575,0.0,4.851529037055572,231.64033150563444,7,1
Al2ZnTe4,-0.7049379838095231,0.0,4.827294159882309,216.63505529356985,7,1
AlCuS2,-0.963132853906248,0.0,3.50773727814024,146.42766229382923,8,1
AlP2I9,-0.577801201607142,0.0,3.5022475308334533,4669.546937631664,96,1
As(BrF2)3,-1.6685016422500012,0.0,3.5898205459455133,396.53621659087327,20,1
AsXe2F9,-1.618047420208333,0.0,3.210709880063364,1577.9180986118402,72,1
AuSO4,-1.313295811874998,0.0,5.404120148244996,720.3191186426213,48,1
Ba(AlTe2)2,-1.140490400238092,0.0,4.580157621476996,508.7963699644138,14,1
Ba(AuF6)2,-1.7874341114999992,0.0,4.402527155758056,1145.4778200532364,60,1
Ba(InSe2)2,-1.30214578860119,0.0,4.901912836591854,1850.4140633883485,56,1
Ba(NdS2)2,-2.375684078571425,0.0,4.726279564678873,778.6729740204366,28,1
Ba(SbS2)2,-1.120472408749996,0.0,4.392955633142289,1539.5412713964795,56,1
Ba16Re6O37,-2.792275173898305,0.0,6.507866948841855,996.7652806491824,59,1
Ba2As2S5,-1.368974388472221,0.0,3.918265344205699,1982.7551731299536,72,1
Ba2GdCl7,-2.872607037499999,0.0,3.932393551520615,1148.7060904993195,40,1
Ba2HgS5,-1.4468766143750011,0.0,4.635298641314908,910.7392948649456,32,1
Ba2P7Br,-0.8314607517499971,0.0,3.587013943072334,529.0135016575393,20,1
Ba2VO4,-2.930773886071427,0.0,5.265597665098665,491.4424563166304,28,1
Ba3(AlN2)2,-1.033622193333334,0.0,5.348608350006547,648.2082639062628,36,1
Ba3Mn2O8,-2.427450099297096,0.0,5.273663793647016,409.2430451726671,26,1
Ba5Pt2O9,-2.309565526354167,0.0,7.45475117677773,815.7946760958519,48,1
Ba8Sb6S17,-1.528057044758063,0.0,4.231851222898561,3726.5831409693865,124,1
BaSn2S3,-1.2595916695833291,0.0,4.661757275932973,1006.5100469387644,36,1
BaSnS2,-1.543447148749999,0.0,4.44535321366255,478.3870129393772,16,1
Bi6PtCl10,-1.155757506544118,0.0,5.243866018703898,4568.806629293194,136,1
BiAuCl6,-0.731505600624998,0.0,4.49281405725419,914.6315312138504,32,1
BiPS4,-0.367511936329367,0.0,4.144097131236569,1180.3468529106285,48,1
BiTeCl,-0.655658539166665,0.0,5.939484902623059,208.0234245589868,6,1
C(Se2Br)2,-0.281954660267857,0.0,4.033357883057904,803.0790681073257,28,1
Ca(AuF6)2,-1.586015681333335,0.0,4.553507711608064,241.41027274108683,15,1
Ca(AuO2)2,-1.466215879285709,0.0,9.047812470496794,182.7984316990949,14,1
Ca(CoO2)2,-1.878585158214284,0.0,5.639435697074167,261.4044132856434,28,1
Ca(ErS2)2,-2.40433364077381,0.0,5.155460711285895,647.866081916809,28,1
Ca(HoS2)2,-2.4064787169642843,0.0,5.049634867523821,655.3173259853222,28,1
Ca(LuS2)2,-2.40069353529762,0.0,5.468823146604424,629.4669840689699,28,1
Ca(TmS2)2,-2.409249856607143,0.0,5.243245762081028,641.2635030406094,28,1
Ca(YS2)2,-2.407047725892858,0.0,3.454275226819853,665.6042868605462,28,1
Ca2AsI,-1.500340893124999,0.0,3.754225457232024,124.72406056853306,4,1
Ca2HN,-0.945637455625,0.0,2.462779663361686,256.6767430548098,16,1
Ca2Mn3O8,-2.416973564137931,0.0,4.137001121818306,149.70349076986702,13,1
Ca2PI,-1.503881859910714,0.0,3.308515831731006,119.46901919986468,4,1
Ca2Sb2S5,-1.372295938055555,0.0,3.465479550415696,927.6667855991934,36,1
Ca2VN3,-1.413516451874999,0.0,3.4024155814066632,337.9581724078324,24,1
Ca3AsBr3,-2.014183470357142,0.0,3.458589198641642,208.78878557829063,7,1
Ca4TiN4,-1.309544041481481,0.0,3.088087497285169,284.1396514237384,18,1
CaCrF6,-3.29080727,0.0,3.027538056892251,113.02192670799636,8,1
Cd3(AsO4)2,-1.655757343653845,0.0,5.527166366474618,739.1491558086035,52,1
Cr2WO6,-2.305236911666666,0.0,6.823199267633029,186.8221519491064,18,1
CrAgO2,-1.6847351029166662,0.0,6.6392764695215885,47.9865802322794,4,1
CrCuO2,-1.784819649999986,0.0,5.600365259676549,87.4933748108686,8,1
Cs(BI)6,-0.610277082088859,0.0,3.6965837838665454,1723.522361437337,52,1
Cs2As8S13,-0.6210568368178411,0.0,3.098732601143714,5496.0760315406815,184,1
Cs2Cd3Te4,-0.880730419999998,0.0,5.20860138076516,709.9476291487296,18,1
Cs2GeSe3,-1.132241111056933,0.0,4.089799706486895,467.1913103553096,12,1
Cs2GeSe4,-1.048959332669335,0.0,4.156875677655437,522.7366372879917,14,1
Cs2Pt3S4,-0.882246507916666,0.0,6.594181036249544,246.6119646452656,9,1
Cs2Sb4S7,-0.659070104783652,0.0,3.902200435099737,1663.5277047087327,52,1
Cs2SnS14,-0.405286348933821,0.0,2.778619531937065,1992.2764655826825,68,1
Cs2U2O7,-3.274979256755456,0.0,6.494672145364342,218.3136219379037,11,1
Cs3BP2,-0.554626373908727,0.0,3.486948848909138,449.0472849392726,12,1
Cs3Cu5O4,-1.082163365122125,0.0,4.69427988308852,1104.28667229704,48,1
Cs3GeSe3,-1.18615426942811,0.0,4.328130248385943,1086.8934801255953,28,1
Cs3Nb2S11,-1.200589469935343,0.0,3.166302610770275,1966.117153511372,64,1
Cs3VS4,-1.444629510495686,0.0,3.435361871029488,1117.384674689852,32,1
Cs4Hf3Se14,-1.35411212387777,0.0,4.921525799605649,1466.0388208225918,42,1
Cs4P2Se9,-0.8277255431676581,0.0,3.951081147757518,1096.252121966787,30,1
Cs4U5O17,-3.338413402639256,0.0,6.344966051423414,2087.14118382171,104,1
Cs4ZnO3,-1.4158313279525871,0.0,5.026767183526895,852.3138845340536,32,1
Cs6Cr2O7,-1.857782984195404,0.0,4.78288426184609,703.6861400161625,30,1
Cs7NaSi8,-0.025591901810345,0.0,3.100640462043137,2523.5235867122483,64,1
CsAs2Se3,-0.7028021477810671,0.0,4.461668021260567,1547.1589055805275,48,1
CsAsSe2,-0.861460288585669,0.0,4.292116084508582,1132.005297556184,32,1
CsBiS2,-0.8667762614062541,0.0,4.858672445781889,555.053003685522,16,1
CsCr3O8,-1.942454589554585,0.0,3.76724211475712,735.0314855733042,48,1
CsCu3S2,-0.6124818376041661,0.0,3.959103167334656,162.5991758120839,6,1
CsEr3Se5,-2.128006259201388,0.0,6.147031190644895,1112.4042008186127,36,1
CsInSe2,-1.153762355156246,0.0,4.629128688764159,1164.0839462948793,32,1
CsLu7Se11,-2.104970995373848,0.0,6.730183482079323,2197.116490885719,76,1
CsSnS3,-0.8394699596875,0.0,3.584270415288076,322.2707978105111,10,1
CuMo3Br7,-0.9621440485227272,0.0,4.6674490857464885,2591.9819360623783,88,1
CuMo3I7,-0.5983315423863641,0.0,5.021626943289219,3279.520050455627,88,1
DyCuS2,-1.5935681832812492,0.0,5.853177103699919,329.29028160459023,16,1
DyTlS2,-1.73212755249999,0.0,6.849799608108835,104.48691404445152,4,1
DyVO3,-3.296628931333332,0.0,7.735287972077501,224.4936902037986,20,1
Er2Au5F21,-2.228142117142857,0.0,6.449919346262614,884.7654900914579,56,1
ErCuS2,-1.588405923489585,0.0,6.090041066704614,321.6734233765556,16,1
ErVO3,-3.3105158775,0.0,8.018613803040648,220.50361904722976,20,1
Eu(AlCl4)2,-1.99547672590909,0.0,2.541097733005481,639.8169407087177,22,1
Fe7(AsO4)6,-1.698793269594594,0.0,4.505729198011462,451.2508613083494,37,1
FeAsO4,-1.699692442916665,0.0,4.301333473258373,300.7565582959569,24,1
Ga2HgS4,-0.826619146785716,0.0,4.848774584080167,160.37532561024014,7,1
Ga2PdBr8,-1.101282322272727,0.0,3.904936466358408,376.3799537922184,11,1
Ga2TeSe2,-0.6201830866250021,0.0,4.850440172800529,290.9726209732,10,1
GaTeI7,-0.601696241018519,0.0,4.155000971060877,867.7597786007699,18,1
Gd2Au5F21,-2.206013992499999,0.0,6.196467216147256,1820.4517227746703,112,1
Gd3AuO6,-3.089925464999999,0.0,8.987227128426396,141.29338689390778,10,1
Gd3ReO8,-3.269572775416667,0.0,8.451323795856242,617.70409659141,48,1
Ge19(PBr)4,-0.242748539206349,0.0,5.123830975258883,1182.0362671812604,54,1
H4I3N,-0.5370794171875001,0.0,3.78234842718481,700.2454382634817,32,1
Hg(AuF4)2,-1.292650168863637,0.0,7.166217922480215,345.95923143530183,22,1
Hg2NO4,-0.739543580714287,0.0,7.40965970916495,429.5496859415413,28,1
Hg3(PO4)2,-1.799685966098902,0.0,7.314388153861302,718.9500365972689,52,1
Hg4P2O7,-1.7267410380219812,0.0,7.546349933445363,429.6619755647263,26,1
Hg5(SbI3)2,-0.436793125384616,0.0,6.754181256966425,1974.593801653128,52,1
Hg7(PO5)2,-1.399635345093989,0.0,8.794062887319495,614.0859635155122,38,1
Ho2Au5F21,-2.229087597499999,0.0,6.375048406894599,892.7302557949142,56,1
Ho3Se3N,-2.16404069513393,0.0,7.401434629239917,669.1820964704139,28,1
HoCuS2,-1.59167361328125,0.0,5.968514955272175,325.6315710928154,16,1
InSeI,-0.8192689011284711,0.0,4.378034780350969,1946.0997315004192,48,1
InTeCl,-0.8248074937500001,0.0,4.710821403891745,783.5841971746495,24,1
Ir2(Se3Br2)3,-0.6796020390349271,0.0,5.050866250885382,2070.5481471224944,68,1
Ir2(Se3Cl2)3,-0.3864001440625,0.0,4.604694905304659,1886.4569763223133,68,1
K12In2Se9,-1.247423321149003,0.0,2.936165457084861,3188.452586404089,92,1
K2B2Se7,-0.8084964817490511,0.0,3.66185638639651,591.8123068888374,22,1
K2FeO4,-1.428852621357141,0.0,2.903217051962533,453.0861074901879,28,1
K2Ga2As3,-0.455343557249999,0.0,4.00091457466435,1468.933679724094,56,1
K2Pb2O3,-1.5614089427857092,0.0,5.971810365572381,300.6387442494664,14,1
K2ReF6,-2.765490939666662,0.0,4.713170772643979,133.31535854723708,9,1
K2SeBr6,-1.299198075204859,0.0,3.673890309336613,287.7241469766528,9,1
K2SnBr6,-1.544271811611111,0.0,3.70306395236049,606.5644005532896,18,1
K2SnSe3,-1.119194034421874,0.0,3.535458766408358,407.48295678716335,12,1
K2U2O7,-3.324803091318179,0.0,6.008962049142516,368.2281596698449,22,1
K3BP2,-0.539756795783729,0.0,1.809787333366164,348.7604642542188,12,1
K3CoO2,-1.245469531125,0.0,2.700572327104606,512.1416529288501,24,1
K3Cu5O4,-1.092671264104166,0.0,3.52077051239991,941.4375102767572,48,1
K3CuO2,-1.287806514875,0.0,2.914040978998382,970.2777395941904,48,1
K3GaTe3,-1.048316028107144,0.0,3.535146374437012,1070.6259753656277,28,1
K3MnO3,-1.712323962811576,0.0,2.8946908617311813,505.3422799501837,28,1
K3MoCl6,-1.7960765828749992,0.0,2.550252461066767,1109.3982917843289,40,1
K3PSe4,-1.098334637595981,0.0,3.094826013988132,996.0761101466044,32,1
K3RhCl6,-1.648462980124999,0.0,2.7182789990309,1057.8427249097742,40,1
K3SnSe3,-1.194529416611607,0.0,3.315836380703758,947.2648952462156,28,1
K3VS4,-1.415487692093748,0.0,2.208309268148548,891.8023619382668,32,1
K4Au6S5,-0.7493380739375001,0.0,6.1721230375750125,806.318028622085,30,1
K4Sn3Se8,-1.037990106849999,0.0,3.942709552027766,963.8012075992518,30,1
K4ZnO3,-1.487419703312499,0.0,2.915887774537482,614.5834668899363,32,1
K6CdO4,-1.336884909863634,0.0,3.163811940696736,431.4282342330357,22,1
K6CdTe4,-1.108454179560604,0.0,3.179069555400297,895.7007698781348,22,1
K6MgO4,-1.5719714466818182,0.0,2.634295751358229,407.07308147293975,22,1
K6Nb4S25,-1.105550554099999,0.0,2.398945560451486,3898.002338085023,140,1
K6Se2O9,-1.7229617032757352,0.0,3.108490370367237,1146.3912181880664,68,1
KAsSe2,-0.846891826734375,0.0,3.514308915641034,513.9751098231823,16,1
KGaTe2,-0.903429579520833,0.0,4.180860851163335,1156.6452197160738,32,1
KMgP,-0.628996292297619,0.0,2.099982569603607,149.25533260165312,6,1
KSb5S8,-0.460628250446427,0.0,3.973803903309034,1511.7222250925602,56,1
KSbS2,-0.8528676698437501,0.0,3.126561606741884,238.9857669027302,8,1
La10Se14O,-2.4387671424125,0.0,6.151065714440611,2710.92764932226,100,1
La2CuS4,-1.887795424464284,0.0,5.033170466092383,619.7423913699287,28,1
La4Se3N2,-2.106673152447916,0.0,5.935686844135055,459.0867789895274,18,1
La5C2Cl9,-2.3007736884375,0.0,4.330093523284892,795.8341246532757,32,1
La5C2I9,-1.550940783750001,0.0,4.77581658142058,5175.653946346577,128,1
LaSO,-3.05161248,0.0,5.315146592375424,467.2996584628443,24,1
Li2TeS3,-0.9295077809722212,0.0,3.232966660380209,488.3093272429518,24,1
Li2ZrN2,-1.362267603166667,0.0,4.370752214047623,50.574810329420224,5,1
Li5TlO4,-1.864534572124999,0.0,4.931940548670556,816.3699014924835,80,1
Li6VCl8,-1.945569067333334,0.0,2.342502847887874,266.6865031209936,15,1
LiAuS,-0.8895950427777771,0.0,6.892803084577985,227.3917677103957,12,1
LiDySe2,-1.9649048499479127,0.0,5.922362110440497,91.78697945925003,4,1
LiErSe2,-1.9578455220312487,0.0,6.126922528010394,90.01227488643976,4,1
LiGaTe2,-0.839710808541665,0.0,4.598910538235989,239.65377548288564,8,1
LiHoSe2,-1.962550009947914,0.0,6.025846419490355,90.88040626363966,4,1
LiInSe2,-1.056964433697915,0.0,4.414420042906587,210.40947671206865,8,1
LiNbO2,-2.686382930833336,0.0,5.667091788849184,77.26563847183948,8,1
LiRhO2,-1.555824928333332,0.0,6.286704050612769,37.46631942068893,4,1
LiTbSe2,-1.926553913671874,0.0,5.790310650112732,92.8551015473329,4,1
LiYSe2,-1.968470493697916,0.0,4.575354967678076,92.09990726618337,4,1
Mg(ScS2)2,-2.064758899999999,0.0,2.65110575046383,303.7541893050832,14,1
Mg2NiH4,-0.3319514775,0.0,2.780915125493409,265.92164711730936,28,1
Mg3MnH7,-0.345851856061911,0.0,2.356007145504216,190.17008726927776,22,1
MgB9N,-0.440278225568182,0.0,2.597931562214007,173.35858147630654,22,1
MgCrF6,-3.114523169375,0.0,3.334571415843009,94.76075401263512,8,1
Mn(SeO3)2,-1.427935919179836,0.0,4.121739039793437,248.858487577255,18,1
MnGeO3,-2.135882778586207,0.0,5.593280875660874,104.25051788767348,10,1
Mo3S7Cl4,-0.813296359977678,0.0,3.086787999208474,1407.4656461457091,56,1
MoNCl3,-1.09528815100001,0.0,2.747456650471394,522.9331863949631,20,1
Na2(ReS2)3,-0.993451736159871,0.0,5.957676211178563,888.5571340760382,44,1
Na2Al2As3,-0.6375267442857141,0.0,3.401518031240159,1268.1146338362944,56,1
Na2GeSe3,-0.987196637881644,0.0,3.70766851818596,636.8647780044561,24,1
Na2Hg3S4,-0.698614263639848,0.0,5.950708077252114,866.1787055285421,36,1
Na2HgO2,-1.336780317051725,0.0,6.068127925222486,76.23003578649424,5,1
Na2MnF5,-2.930590704148707,0.0,3.213108968204523,404.98538556957504,32,1
Na2PtO3,-1.497563052126436,0.0,7.207967774786441,266.3709519996665,24,1
Na2TcF6,-2.69218343,0.0,3.819188551598377,112.1623578103663,9,1
Na2U2O7,-3.27422771752351,0.0,6.602942488442353,318.8992880527234,22,1
Na3BN2,-0.6793939791666661,0.0,2.201836149495121,325.1752643683868,24,1
Na4Ge2Se5,-1.014689077021452,0.0,3.808365200068418,551.1685587068778,22,1
Na4Sn3S8,-0.8848432061666661,0.0,3.199286437268478,731.4324129337376,30,1
Na4TiSe4,-1.335474887580619,0.0,3.203227369406854,1889.7224208526625,72,1
Na5InTe4,-0.9619168955229872,0.0,3.602307690173624,2729.530223311007,80,1
Na6Ge2Se7,-1.056078252645473,0.0,3.511714972933793,790.558880384586,30,1
NaAgF4,-1.873112819999999,0.0,4.420039617235297,155.4217440461332,12,1
NaAuCl4,-1.224311163146551,0.0,3.491414350692001,2752.949485489003,96,1
NaScS2,-2.00244756515625,0.0,2.734763085593306,80.19591520326138,4,1
Nb(SCl)2,-1.4579086689999992,0.0,3.260734097393324,232.16074394190332,10,1
Nb2PS10,-0.964960996703299,0.0,2.550952816377832,1399.374123847296,52,1
NbAlBr8,-1.407833382499999,0.0,3.649749604673546,690.7587739473224,20,1
NbCu3S4,-0.847748116249999,0.0,4.152411843361413,164.67953723815498,8,1
NbNO,-1.975965141666666,0.0,6.179509141675791,132.11468427885,12,1
Nd2Au5F21,-2.233580988303571,0.0,5.902270650672249,1881.914222293459,112,1
Nd2TeS2,-2.178817990124997,0.0,5.4779176075691165,145.56883919291244,5,1
NdTlS2,-1.699453493958322,0.0,6.080170373793555,112.72649588083316,4,1
Ni2P2O7,-2.228525349707793,0.0,4.28287047788338,225.9069260569849,22,1
P2Pd3S8,-0.634964529175822,0.0,3.355390565467712,315.60304137067794,13,1
P2PtO7,-2.080259031928571,0.0,5.023326023207267,487.9510390636429,40,1
P3RhO9,-2.279308427994506,0.0,3.478165064394053,973.4213471851976,78,1
P3Se4I,-0.339834322912945,0.0,3.525589573058633,1009.1860053989672,32,1
PICl8,-0.962801141464286,0.0,2.32405365209495,1261.8154551918135,40,1
PPbSe3,-0.411696905532741,0.0,5.8869263836214,535.998094170855,20,1
Pd(PbCl3)2,-1.068089196111111,0.0,5.182769341096018,470.04542385366574,18,1
Pr2Au5F21,-2.232017286815476,0.0,5.87286653108811,1883.7943064546123,112,1
Pr2TeO2,-3.215270251999999,0.0,6.7119902057313485,109.2053675781864,5,1
Pr4S3N2,-2.073269873067128,0.0,5.543709194560502,824.1294706813192,36,1
Rb2(PSe2)3,-0.7459377082264611,0.0,3.402385085773089,2879.9600856668585,88,1
Rb2Cd3Se4,-1.042348969652775,0.0,4.858757936026603,1126.4594692966657,36,1
Rb2Ge2Se5,-0.960065381024303,0.0,3.845986068491636,1227.949513842194,36,1
Rb2MnF5,-2.972131870991379,0.0,3.571865876420315,149.1685252624626,8,1
Rb2MoS4,-1.241346462142855,0.0,3.037417623517359,864.0736069011366,28,1
Rb2SnSe3,-1.137568621171873,0.0,3.913060398802221,446.87085772181325,12,1
Rb2TeI6,-1.029657680185183,0.0,4.362730964213464,806.8840467017882,18,1
Rb2U2O7,-3.304101588636362,0.0,6.413898956768575,393.0000330323997,22,1
Rb3AgO2,-1.127836472881943,0.0,4.213513888100327,2498.712467028814,96,1
Rb3BP2,-0.373853823492063,0.0,2.779089300721452,393.3563659845879,12,1
Rb3Cu5O4,-1.083094576458333,0.0,4.266358674779433,993.48557951547,48,1
Rb3Nb2S11,-1.179775708906248,0.0,2.903253203432504,1818.6691327880155,64,1
Rb3Ta2S11,-1.203800506072904,0.0,3.567129775238821,1808.0720898850184,64,1
Rb4Au6S5,-0.817548776499999,0.0,6.387992845776171,875.4989470218436,30,1
Rb6Br4O,-1.805953504545456,0.0,3.431638601686154,821.0877493792486,22,1
Rb6Cl4O,-1.95121591909091,0.0,3.03857808130697,732.9663349601925,22,1
Rb6HgS4,-1.104678763409089,0.0,3.71243252643545,752.9316625245032,22,1
Rb7NaSi8,-0.013985237429957,0.0,2.517686169907709,2231.7798497776967,64,1
Rb8Fe2O7,-1.524184723529411,0.0,4.106019229336644,733.9566095884823,34,1
RbAsSe2,-0.8514375496093761,0.0,3.8282680721212383,1104.5521034750916,32,1
RbBSe3,-0.832793233739582,0.0,3.819179354541516,579.4157869268114,20,1
RbCu2Br3,-1.048001235416665,0.0,4.432467404133066,338.86994495265355,12,1
RbFe2F6,-2.758847765555556,0.0,3.980973296270377,519.143169303519,36,1
RbInSe2,-1.148963117838542,0.0,4.362718131653469,1090.723180976666,32,1
Re3(SCl)7,-0.94923081735294,0.0,3.661793062736539,1870.587334101634,68,1
Re3(SeCl)7,-0.514737686819852,0.0,4.954880415654592,1822.4639935841976,68,1
Re3S4Br,-0.884527891874999,0.0,6.649785381672017,765.9052887284186,32,1
Re3S4Cl,-0.935011268124999,0.0,6.40104459773137,749.5425522006535,32,1
RhSCl5,-0.87174704392857,0.0,2.756336906850699,2257.253434182464,84,1
SICl7,-0.6681001886111111,0.0,2.563795871082384,1054.799509741041,36,1
Sb2(PSe3)3,-0.182319531106504,0.0,4.442023860534176,1565.700172623276,56,1
Sb2XeF16,-1.939447487631578,0.0,3.335008522191026,675.9521441312098,38,1
Sb8(PbS5)3,-0.609623791634614,0.0,4.894480800472,1409.083780660731,52,1
SbSI,-0.605854298333329,0.0,4.890449799560453,381.2837437757244,12,1
Si2Hg6O7,-1.579683229999991,0.0,8.872319484074048,256.7279879190002,15,1
Sm2Au5F21,-2.225081326875,0.0,6.070153129609653,1843.2550656461865,112,1
SmFeO3,-2.803803629500001,0.0,7.188793032592718,234.8735552913772,20,1
SmTlS2,-1.714360570833327,0.0,6.344335360530352,109.63409704551256,4,1
SmVO3,-3.249731109500001,0.0,7.085078065698469,233.7147945600508,20,1
Sn15Os3O14,-1.4458759235937482,0.0,7.786770766417805,549.1928373816504,32,1
Sn2SI2,-0.7331438765,0.0,4.805949829052046,2169.6856478165105,60,1
SnGeS3,-0.684868667,0.0,3.590124056442368,531.9924307893194,20,1
Sr(BeN)2,-1.197968177,0.0,3.728923975082449,119.03913309012724,10,1
Sr(InSe2)2,-1.260986248065475,0.0,5.022230095694609,1674.6037053291068,56,1
Sr2VN3,-1.347565398125001,0.0,4.596775717531164,387.54053875295006,24,1
Sr3(GaN2)2,-0.7975283000000011,0.0,5.204563738406487,584.9324232791039,36,1
Sr3CrN4,-1.08460575703125,0.0,4.487999133116024,1097.7997567594086,64,1
SrMg2N2,-0.826653964,0.0,3.706633066793308,73.57960100624621,5,1
Ta2Tl4S11,-0.8923897741470591,0.0,5.58284433247195,911.4296404208436,34,1
TaCu3Se4,-0.5959828879479191,0.0,6.270214076156746,182.050806442569,8,1
Tb2Au5F21,-2.234468999583334,0.0,6.244432479767176,905.016214714142,56,1
TbH2Br,-1.298964439791661,0.0,6.210786165815244,128.78656670568728,8,1
TbTlS2,-1.7328392637499932,0.0,6.729313742464548,105.47562560811949,4,1
TcAgO4,-1.525970481111109,0.0,5.565161109707231,161.04572529180086,12,1
TeAuCl7,-0.515433388055557,0.0,3.512631755777046,541.5045893551833,18,1
Th2TeN2,-2.107963813499998,0.0,9.265666775492171,111.05716210779045,5,1
Tl2Hg3S4,-0.424953399351861,0.0,7.826202912871075,483.25254641718107,18,1
Tl2PSe3,-0.403107977318948,0.0,6.380868226488224,1408.6541260249703,48,1
Tl2SiSe3,-0.7155503406163201,0.0,6.218074202135287,359.84082405715776,12,1
Tl2TeI6,-0.641614162037035,0.0,5.64612062309539,763.3689813396013,18,1
Tl3AsS3,-0.528355104821433,0.0,6.61469377036566,1575.0451429332393,56,1
Tl3PSe4,-0.420518940215774,0.0,6.511393738489618,979.2417582397068,32,1
Tl3SbS3,-0.549451358928571,0.0,6.796676243705639,203.05250763868185,7,1
Tl3SbS4,-0.5444094793750031,0.0,6.173635234318776,464.3382012903697,16,1
Tl3VSe4,-0.6548193320312481,0.0,6.756729247858803,240.8287075886151,8,1
Tl6Si2O7,-1.901782148000005,0.0,7.154999041727398,647.2583023043533,30,1
Tl6TeO6,-1.10165522512821,0.0,8.439962000319486,285.2630476918912,13,1
TlAuF6,-1.5551137635937482,0.0,7.397440364428537,925.4473320408964,64,1
TlSbS2,-0.5820723845833351,0.0,5.8090211919228505,446.246649746778,16,1
TmCuS2,-1.591410292656252,0.0,6.181075342612141,318.73602178049754,16,1
U(PbO2)3,-2.394609075874998,0.0,8.73049304091193,1454.0788501639838,80,1
U11(PbO12)3,-3.395031799899999,0.0,7.635142812626984,1659.810489051885,100,1
UPbO4,-2.967640787499997,0.0,9.21775937895373,366.9397209625817,24,1
VAgO3,-1.754956429833332,0.0,5.51826198310841,248.9280851708048,20,1
VClO,-2.194772937500001,0.0,3.339568495480353,101.8269703775471,6,1
VSO5,-2.098150829285713,0.0,3.316980233623815,326.40975909201705,28,1
Y2Au5F21,-2.080512508214286,0.0,6.149505823474398,843.3575532824811,56,1
YCuS2,-1.591449781406249,0.0,4.346175291765535,330.9968870541386,16,1
YHSe,-1.659960229270832,0.0,5.605506637517642,50.026080380129024,3,1
YTlS2,-1.727480834583323,0.0,5.663740231745429,104.79090449793814,4,1
Zn(FeO2)2,-1.7450259114285722,0.0,5.335785441202922,150.06237695876197,14,1
Zn2IN,-0.411703046875,0.0,5.678422817594306,317.8466393321188,16,1
ZnGeN2,-0.359871936249999,0.0,6.052679765645053,182.23538225731187,16,1
ZnPbF6,-2.250629001874999,0.0,5.860639014004085,109.53813008658078,8,1
ZnPdF6,-1.9802847675,0.0,4.9356027463992,96.16136791413771,8,1
Zr(PS3)2,-0.994318786031744,0.0,2.6087102563043443,439.9249852520908,18,1
Zr(TlS)4,-1.003792183037041,0.0,6.96742906649862,1235.7553675114164,45,1
ZrN6O17,-1.100627184791666,0.0,2.272101423217829,2614.963336069049,192,1
ZrP2S7,-0.96832660617857,0.0,2.489212742148805,1007.6496637969992,40,1
Ag2Mo2O7,-1.507470650757574,0.0,5.92560400502563,291.2230911313625,22,1
Ag2SeO3,-0.5705825800520821,0.0,6.551404869979988,347.44167549186955,24,1
AgNO3,-0.6806635453333341,0.0,4.509524594558627,125.10450403344892,10,1
AgPO3,-1.958048157761911,0.0,4.7408418269331225,523.544804128728,40,1
Al2CdSe4,-1.075488398482142,0.0,4.394395089806269,182.21741497767087,7,1
Al2HgS4,-1.106310683214292,0.0,3.9910997012314633,159.27341271374962,7,1
AlAgS2,-0.904003048906249,0.0,3.900206524762422,169.43391449112187,8,1
AlCuO2,-2.417624361249986,0.0,5.146334199359751,79.06978600731826,8,1
AlTeI7,-0.680516245185186,0.0,3.960312239223144,874.5762406291072,18,1
As(S8I)3,-0.495071492232142,0.0,2.434810668507847,835.5820863702693,28,1
As2Pb8O13,-1.634658171956522,0.0,8.053581417380528,831.1107926930558,46,1
AsAuO4,-1.16497064791667,0.0,6.067715375316714,183.8423218097537,12,1
AsPO5,-2.064414745306121,0.0,3.920891505689514,314.9095340543126,28,1
AsXeF11,-1.5436233136538462,0.0,3.234766152062708,852.5511457407259,52,1
AuBrF6,-1.29653018625,0.0,5.149145958463115,252.0961517702648,16,1
AuSCl7,-0.285957688645833,0.0,3.111285052358738,1018.7604095042784,36,1
Ba(GaSe2)2,-1.36306374919643,0.0,4.745645848121506,414.71996409700495,14,1
Ba2Bi2O5,-2.288425597777783,0.0,7.522216207949441,341.11013077776954,18,1
Ba2CdS3,-1.84960027375,0.0,4.649905842641991,690.3125667328919,24,1
Ba2CrO4,-2.731894101428558,0.0,5.411010865068971,479.5301900538086,28,1
Ba2FeO4,-2.392583402142856,0.0,5.489534289608774,477.32793448863526,28,1
Ba2GaS4,-1.7984255564285712,0.0,4.016998936170856,1563.02197793212,56,1
Ba2H6Os,-0.517956494166666,0.0,5.902451266030814,132.4873939101363,9,1
Ba2H6Ru,-0.6514673119444451,0.0,4.829775326555091,131.25801509945663,9,1
Ba2In2S5,-1.582398072175922,0.0,4.323902580304948,2041.8946102537304,72,1
Ba2NbN3,-1.157705022500001,0.0,5.504935378398147,494.1924590981745,24,1
Ba2SnS4,-1.703901759999997,0.0,4.172248654104369,830.417457717026,28,1
Ba2TaN3,-1.252087564555554,0.0,6.694245025803071,493.7499210165016,24,1
Ba2TiS4,-2.099204554761902,0.0,3.797085282189267,788.5411101953788,28,1
Ba2ZnS3,-1.9122406191666648,0.0,4.433545301995248,653.5838953000139,24,1
Ba3GeS5,-1.861999188055556,0.0,4.201872295518717,1019.5055475527674,36,1
Ba3MoN4,-1.021857161875001,0.0,5.362230606701805,1397.1161214181627,64,1
Ba3Sb2S7,-1.516091671041666,0.0,4.009674196276463,1457.6758543085589,48,1
Ba3WN4,-1.08450597265625,0.0,6.139197111138082,1410.5020155335656,64,1
Ba4PtO6,-2.467705925000003,0.0,7.117652000972757,392.1230678675347,22,1
Ba9(AuO6)2,-2.463638764021739,0.0,6.632941395922018,1824.399984980432,92,1
BaTeS3,-1.189533620333334,0.0,4.097770834982159,585.3496576133798,20,1
Bi(W2Cl5)3,-1.190204796704546,0.0,5.217997751864626,2347.0516078352944,88,1
Bi2WO6,-1.956552777222222,0.0,9.341150935963606,496.178476981033,36,1
BiSBr,-0.8865928066666711,0.0,6.212864259187372,343.1261298289098,12,1
BiSCl,-0.7342089301041691,0.0,5.648961777257308,325.1120564496465,12,1
BiSeCl,-0.734089398854166,0.0,6.318639642273092,339.9512584879206,12,1
Ca(BeN)2,-1.248534829000001,0.0,2.705681996929731,105.70243697106558,10,1
Ca(GaSe2)2,-1.172936590357143,0.0,4.610280383779697,1427.3687597505543,56,1
Ca3(GaN2)2,-0.945776336666666,0.0,4.240150638941235,247.27587278464063,18,1
Ca3AsCl3,-2.252943995714286,0.0,2.625158713508255,190.72247703498627,7,1
Ca3PCl3,-2.253346153639455,0.0,2.322322966270006,184.16890190153572,7,1
Ca4PdO6,-2.675235593636361,0.0,4.303524365179995,279.9215841038322,22,1
CaMg2N2,-0.9967938875,0.0,2.952859396136397,65.62697637431359,5,1
CaMn2O4,-2.447901434051724,0.0,4.647062841667492,305.8061848654581,28,1
CaTe3O8,-1.896779987916666,0.0,5.695976479608087,321.1903955775795,24,1
Cd(AsO3)2,-1.696672477222217,0.0,5.958314167508589,99.84185127009457,9,1
Cd(AuF6)2,-1.2680480613333311,0.0,5.653689666329407,431.3555864780913,30,1
Cd(FeO2)2,-1.6170501857142852,0.0,5.740751105296045,166.66773094950128,14,1
Cd(W3Br7)2,-0.903951352738094,0.0,6.017342440620225,2576.4701925290647,84,1
Cd3PCl3,-0.8829669564965981,0.0,4.288816557871359,367.4836528158333,14,1
Cd4OF6,-2.283292852727279,0.0,6.268525292357282,307.09123955443454,22,1
Cd7(P2Cl3)2,-0.7765273248179261,0.0,4.31488515692178,1729.4542476038637,68,1
Co(AsO3)2,-1.620584872222222,0.0,5.702735875585171,88.7446207531823,9,1
Co(IO3)2,-0.969356553333333,0.0,5.215220181999961,520.5734612969454,36,1
Co2P2O7,-2.250671190616882,0.0,4.141132898834099,234.02360752382376,22,1
Co3(AsO4)2,-1.552145827307693,0.0,5.2300984309539285,577.3842654927694,52,1
CoPtF6,-1.9411580149999992,0.0,6.242125330234783,97.89790942284334,8,1
Cr2CdO4,-2.141551745,0.0,5.790301382345762,160.82633768443435,14,1
CrHgO4,-1.299659134583334,0.0,6.162611441788328,341.2187230459051,24,1
CrPb2O5,-1.696236294374999,0.0,6.995302325073303,259.4046822018297,16,1
CrPbO4,-1.724381490833334,0.0,6.105820643767765,351.5830524611216,24,1
Cs2CeCl6,-2.276860933888886,0.0,3.434892117871162,299.0731574270161,9,1
Cs2HgF4,-2.439617690258624,0.0,5.742182103010433,156.85104863736953,7,1
Cs2HgI4,-1.261049519544335,0.0,4.550621468253392,710.8463111623757,14,1
Cs2HgO2,-1.285047978362071,0.0,5.781781763415479,143.1413728166855,5,1
Cs2PbO2,-1.481390851862066,0.0,5.802036697909616,578.1337732483663,20,1
Cs2PdCl4,-1.572084017142858,0.0,3.239031241324765,263.53198227235606,7,1
Cs2SiSe4,-1.143965374097908,0.0,3.951394550283617,512.4728021733085,14,1
Cs2TcF6,-2.857333918888888,0.0,4.726368685697866,167.86836061171886,9,1
Cs2TlCl5,-1.766960899705461,0.0,4.023560299652399,1068.8357791307494,32,1
Cs2UO4,-3.018815749901482,0.0,6.538392007104804,144.21224791468762,7,1
Cs2ZnO2,-1.526711924612068,0.0,5.042636176229599,956.8627619384324,40,1
Cs3AuO2,-1.210118107466476,0.0,5.656862904085029,2211.0276517450125,72,1
Cs3BiSe3,-1.132060919955356,0.0,4.539971048447071,1235.6490229706226,28,1
Cs3MnI5,-1.421442310766285,0.0,4.09892580035923,881.6749040662489,18,1
Cs3PSe4,-1.08021588365327,0.0,4.039959408887197,1225.7369547272226,32,1
Cs3Sb2Br9,-1.542848295997538,0.0,4.180171248994283,540.7941077469031,14,1
Cs3Sb2I9,-1.149382419568967,0.0,4.45930423294189,1328.918986147041,28,1
Cs4FeO4,-1.498143178735633,0.0,5.030557408294739,860.1687737708805,36,1
Cs4PbO4,-1.5020255598467411,0.0,5.481772994643944,972.7604488890792,36,1
Cs5Ga3Se7,-1.222269944895833,0.0,4.2742007766289465,1108.3334863840057,30,1
Cs8In2O7,-1.5438277979749802,0.0,5.159277836493445,904.3321893402976,34,1
CsAuCl4,-1.077038575,0.0,4.012796408477659,390.3760191474869,12,1
CsAuS,-0.906041727604166,0.0,5.871994510706067,204.7040615441595,6,1
CsFeO2,-1.731291164913793,0.0,4.60843598161213,159.0833671836937,8,1
CsGaSe3,-0.9375506284375,0.0,4.36484250813304,668.8176749754033,20,1
CsGdS2,-2.082173956406247,0.0,4.922952551236916,119.50243832030652,4,1
CsH5N2,-0.39676863828125,0.0,2.90681953863786,379.21949430056617,32,1
CsHg2Br5,-1.157373246206897,0.0,5.287918993472978,586.3510116491043,16,1
CsHgCl3,-1.553024571764372,0.0,4.4725877396285565,1469.7441149643837,45,1
CsLu7S11,-2.327747773227465,0.0,5.857103267013715,1939.6403816035768,76,1
CsMn4Cl9,-1.698181232173644,0.0,3.148784738587263,708.490221632982,28,1
CsNaSe,-1.313769136354165,0.0,3.856099213406121,202.26983185938096,6,1
CsNaTe,-1.229981633333333,0.0,3.867193712429682,243.46072370294152,6,1
CsPS3,-0.833033696282736,0.0,2.7388807315107133,315.3575746673914,10,1
CsSbS6,-0.443575371484374,0.0,3.04687286618815,974.5769848877252,32,1
CsTlBr4,-1.340932351331418,0.0,4.61160890767959,946.147884959302,24,1
CsV3O8,-2.375250615387931,0.0,3.885845929633331,353.5944502204158,24,1
CuMo3Cl7,-0.990046611249999,0.0,3.693397261122107,2156.398654110011,88,1
CuW3Br7,-0.799489815113635,0.0,5.9690618994599856,2613.646364440705,88,1
Dy3GaS6,-2.001799835687498,0.0,5.474547205420483,454.7450682674749,20,1
Dy4Te3N2,-1.848569065833332,0.0,7.532013699463911,935.4853367821931,36,1
Er2MoO6,-3.199730765555552,0.0,7.865620086709966,444.5666525188723,36,1
Fe(IO3)3,-0.978675665384626,0.0,5.005665172475196,385.17596368137714,26,1
Fe3(P2O7)2,-2.407392887670061,0.0,3.079906673987702,1111.5632684638565,84,1
FeClO,-1.492954021666667,0.0,3.455486604643026,103.12384033276442,6,1
Ga2BiSe4,-0.639013228035716,0.0,5.674642782026927,777.5222865646157,28,1
Ga2PbSe4,-0.712719433392854,0.0,5.89445331047664,1493.0427995692946,56,1
Ga2Sn2S5,-0.6698857326736101,0.0,4.094752066420875,871.3852533744441,36,1
Ga2TeS2,-0.686490629125,0.0,4.227415217570599,260.17349023801563,10,1
Ga3Bi5Cl12,-1.229581060875,0.0,4.281186196814461,1302.8571325411242,40,1
GaCuCl4,-1.025192511666667,0.0,3.072597002824603,297.32681933848096,12,1
Gd2Br3N,-2.195261450833333,0.0,5.798640520789002,650.8762502796291,24,1
Gd2SO2,-3.519234681499997,0.0,7.326043273032852,85.80620611599412,5,1
Gd3NCl6,-2.426606997374997,0.0,4.773360880079927,485.9655724845568,20,1
Gd4Au2O9,-2.803804601666671,0.0,9.36367798524881,827.7640900939973,60,1
Ge(PbS2)2,-0.7537919746428551,0.0,5.509326604610662,741.818201029441,28,1
Hg2MoO4,-1.357248065000004,0.0,8.081190509735118,230.5991164629462,14,1
Hg2P2S7,-0.490929933344155,0.0,4.334298162827825,263.4238808039259,11,1
Hg2SO4,-1.345323850357145,0.0,6.992184940501769,236.17532142063288,14,1
Hg2TeBr3,-0.7323322640277781,0.0,6.533499541817481,781.2725662269381,24,1
Hg2WO4,-1.448770275000004,0.0,9.374806762425225,229.9181427462662,14,1
Hg3(SCl)2,-0.703719284642854,0.0,6.559111578765871,373.06733779805165,14,1
Hg3(SF)2,-1.022654033928574,0.0,8.50835484869105,274.75303197115613,14,1
Hg3(TeCl)2,-0.484096189642859,0.0,7.222273620391994,426.6729365141153,14,1
Hg3Se3O10,-1.017421652158204,0.0,6.884979037070284,481.7116702017816,32,1
Hg3TeBr4,-0.739167987864585,0.0,6.028266066013526,2311.6195791515465,64,1
Ho3GaS6,-2.021794897249994,0.0,5.586780733151461,449.9437709398892,20,1
In2PO5,-2.281866629122024,0.0,5.63863249195226,200.6127675305557,16,1
In3SnI5,-0.685462034999999,0.0,5.155162495896649,1414.3112412067824,36,1
InBrO,-1.664869542222221,0.0,5.282551075898691,132.47808183629036,6,1
IrS3Cl11,-0.339502863229165,0.0,2.750889597216154,1638.0176088871094,60,1
K14In4O13,-1.6504666592957,0.0,3.152999158871172,1279.3900248249706,62,1
K2Cd2Te3,-0.904475860523808,0.0,4.343211511741299,3146.506426838055,84,1
K2Cd3S4,-1.009371341805555,0.0,3.782273258427136,954.7885720764292,36,1
K2CuBr3,-1.521074013666666,0.0,3.5222485168018363,719.33625627236,24,1
K2Ge2Se5,-0.95292482846875,0.0,3.445441224556699,1191.9198515966164,36,1
K2HgO2,-1.338735045400001,0.0,4.832652372770474,106.7884172544058,5,1
K2PSe3,-1.048984686862347,0.0,3.023356670015753,1520.5090442976496,48,1
K2PbO2,-1.536198562399998,0.0,4.685353322575296,449.9532265536319,20,1
K2PdF4,-2.413465222071428,0.0,3.6268939528489152,119.31791917142012,7,1
K2PdF6,-2.381861047166666,0.0,3.840287492386653,129.11757828693635,9,1
K2PtCl4,-1.507347296785714,0.0,3.378281991785835,204.03195477243145,7,1
K2PtCl6,-1.37339736361111,0.0,3.449255387622394,233.9692400014466,9,1
K2Sb4O11,-1.9721775643823527,0.0,4.65972963806291,528.2887497514081,34,1
K2TiCl6,-2.179674765314814,0.0,2.384241116834958,235.9493248703152,9,1
K2UO4,-3.059945037785713,0.0,5.090494292722964,124.03025951364324,7,1
K2V3O8,-2.445476564961539,0.0,2.879551703362053,414.064863638414,26,1
K2ZnO2,-1.5774439758999992,0.0,3.4763287067969992,167.76202198412008,10,1
K2ZnTe2,-1.035780234566666,0.0,3.7108482041768953,356.9169323786678,10,1
K2ZrS4,-1.555417740107142,0.0,2.657364616409933,1488.1217658018943,56,1
K3AuSe2,-1.129119164406249,0.0,3.73750566854895,419.57168514662686,12,1
K3BiSe3,-1.145052701611606,0.0,3.945392464256935,948.084515986386,28,1
K3GeSe3,-1.187501841254464,0.0,3.195711695145406,443.5586706608239,14,1
K3IrCl6,-1.584397159124999,0.0,3.254816776176255,1065.7228474966562,40,1
K3NbSe4,-1.347845455453125,0.0,3.293921089089185,1060.7565542206808,32,1
K3SbO4,-1.8774047527187496,0.0,3.878820872837897,259.4760273694275,16,1
K3V3O8,-2.428991238339287,0.0,3.25458775777374,406.2479770009577,28,1
K4GeSe4,-1.213493228847221,0.0,3.064977074736457,2361.605226743571,72,1
K4I2O9,-1.4201798019333332,0.0,3.60795369017063,510.1314575403216,30,1
K4SnSe4,-1.2291721242638871,0.0,3.085301753198777,1272.20524698985,36,1
K5GaSe4,-1.270132140687499,0.0,2.909258821677062,2653.2220231062893,80,1
K6Sn2Se7,-1.186122996410416,0.0,3.185449884148001,4273.440619052339,120,1
K9InSe7,-1.232797414754288,0.0,2.8908144737733963,2342.303505239119,68,1
KAuF4,-2.069855809541666,0.0,5.074129225310587,204.24600047944853,12,1
KAuSe,-0.8961049631979161,0.0,5.798940232275909,180.4161039679286,6,1
KBiO2,-1.7221669830625,0.0,6.123883749157043,151.89041774010815,8,1
KCr3O8,-1.942798178520831,0.0,3.037613962382392,353.23115922648725,24,1
KCuS,-0.921985167416667,0.0,2.544808244700729,351.6022171810362,12,1
KGdS2,-2.130047177343748,0.0,4.07431514375186,106.16125112827,4,1
KH2N,-0.430954664999999,0.0,1.747885960114227,104.73266187158907,8,1
KInS2,-1.182904420666666,0.0,3.178619715215987,911.274532764875,32,1
KInSe2,-1.13291374277604,0.0,4.012864701954274,1032.312618527746,32,1
KMnO2,-1.9460329710869264,0.0,3.538287961339087,709.7882964547293,48,1
KNaSe,-1.240609514491021,0.0,2.798871468464669,334.72895336122485,12,1
KNaTe,-1.213264275416667,0.0,3.085918721905412,408.2861253233253,12,1
KPSe6,-0.681722183556918,0.0,3.825810071235391,944.170638694595,32,1
KSbO2,-1.8814564380624992,0.0,4.282305780301104,149.56743644713066,8,1
KSmSe2,-1.981793024234375,0.0,4.76208126064221,121.13091030313562,4,1
KTaO3,-3.071587857916669,0.0,6.981426041917768,63.7546200303669,5,1
KTlBr4,-1.3090541380138911,0.0,4.222586890088284,885.7561371239426,24,1
KV3O8,-2.361849654770832,0.0,3.33445478265481,318.6346024974923,24,1
KVF3,-3.03907132245,0.0,3.467540209722954,70.41227003340603,5,1
KVF4,-3.224534616000007,0.0,3.091363002412347,713.4845518955307,48,1
La10S14O,-2.609798111700001,0.0,5.085495543118654,2421.4590613806618,100,1
La2GaN3,-1.306130553541666,0.0,6.926895285928178,373.5409156745645,24,1
La2GeS5,-1.834056909687506,0.0,4.426670809350311,766.4119959928258,32,1
La2TeO2,-3.386965779333334,0.0,6.4930585363537645,111.8634549980862,5,1
La3ReO8,-3.299915082291667,0.0,7.050490534122556,344.29346455707804,24,1
La4Au2O9,-2.8411514525,0.0,7.81278292381069,929.6978450125982,60,1
La5(SiN3)3,-1.6316990183088231,0.0,6.152862172501688,976.8000765397012,68,1
La5C2Br9,-2.0003162078125,0.0,5.006351216586854,1907.4424382535824,64,1
La6UO12,-3.939659098421054,0.0,6.647866844247905,315.59230277800435,19,1
La8Sb2S15,-2.112946303799999,0.0,4.754928966575054,2564.341926855344,100,1
LaFeO3,-2.852925804000007,0.0,6.982962229917882,115.45061726760385,10,1
Li2PdF6,-2.285658211481482,0.0,4.11003243090467,189.31807552875625,18,1
Li2UO4,-3.1431914013095232,0.0,6.489402353917839,323.34467411144175,28,1
Li3AuO3,-1.671150384642856,0.0,6.02080605219084,293.2172005031508,28,1
Li3AuS2,-1.206511225833334,0.0,4.601557216007569,203.4695803998732,12,1
Li4HN,-0.470201509097221,0.0,1.246966604069204,113.93344890586192,12,1
Li5Br2N,-1.160461586458333,0.0,2.544367011117343,136.08693497942187,8,1
Li6CoO4,-1.938767046590909,0.0,2.830290317086024,386.2306222136056,44,1
LiAuF4,-2.019117527222222,0.0,5.531823453075376,336.08219865224663,24,1
LiAuF6,-1.763980877916666,0.0,5.531000382967913,95.44060604754222,8,1
LiCoF4,-2.526201368055556,0.0,3.505376008701767,134.40899724309304,12,1
LiDyS2,-2.094347057499999,0.0,4.79951507296825,80.81103287065233,4,1
LiErS2,-2.105407362083332,0.0,5.009650251732975,78.99878351904408,4,1
LiGaSe2,-1.063571209322917,0.0,4.165028140620471,374.1015745850539,16,1
LiHoS2,-2.09820196833333,0.0,4.898961991976115,79.99437682330124,4,1
LiInO2,-2.061352058749999,0.0,5.861211148870394,87.12220979913899,8,1
LiMnF4,-2.934033461877396,0.0,3.557508650992426,128.70969937290567,12,1
LiYS2,-2.088289402083332,0.0,3.275801840262089,81.09398007889097,4,1
Lu2MgS4,-2.177599468333334,0.0,5.111290095196812,326.5004352664525,14,1
Lu6UO12,-4.065957644210526,0.0,9.929673270711008,247.47089004268875,19,1
LuAu2F9,-2.385973198819444,0.0,6.63858443888876,2220.851565997444,144,1
Mg(AuF4)2,-2.026663795909089,0.0,6.239944951229924,303.49033538744743,22,1
Mg(SiB6)2,-0.102502673833332,0.0,2.478408842903308,563.3591844402094,60,1
Mg2Al2Se5,-1.303387147968749,0.0,3.863337670279202,213.7808019525173,9,1
Mg2FeH6,-0.396949970833333,0.0,2.859714273790479,64.16513438568785,9,1
MgPSe3,-0.8816437593348211,0.0,3.88560064823108,249.71224882379616,10,1
MgPdF6,-2.427327279375,0.0,4.278400244972944,94.97931247981346,8,1
Mn2SiO4,-2.594300529408867,0.0,4.140242289153002,324.0014486422718,28,1
Mn3(BO3)2,-2.4361777151933133,0.0,4.093708924535419,229.127310559627,22,1
Mn3V2O8,-2.280837626445622,0.0,4.320545284020368,303.38857642765294,26,1
MnNb2O6,-2.8716737219923463,0.0,5.23798391062398,427.02070033983415,36,1
MnPtF6,-2.1978250534913792,0.0,5.778852669829131,104.59808409535148,8,1
MnSe2O5,-1.496655939389823,0.0,4.283123314005665,454.1519890246688,32,1
MnTlCl3,-1.440138022252875,0.0,4.8095376856776415,505.0186013250548,20,1
MnTlF4,-2.583138499377392,0.0,6.215100426239491,179.17766370804404,12,1
Mo6PbI14,-0.6882203536904761,0.0,5.191327840007774,3274.8107275360426,84,1
NClO,-0.402827485833333,0.0,1.899047666074197,228.95137369784007,12,1
Na2TeO4,-1.809936480453611,0.0,4.384687871044092,359.89437014679044,28,1
Na2UO4,-3.022789054679803,0.0,6.023526784465823,191.8735185298005,14,1
Na3AlTe3,-0.980602048214286,0.0,3.627585103072902,876.5991270699744,28,1
Na3AsSe3,-0.956518379955357,0.0,3.606112885743327,701.3479476949157,28,1
Na3AuO2,-1.316017036939655,0.0,4.686678708269582,422.2454330523813,24,1
Na3ClO,-1.6976095178275852,0.0,2.2559230926403853,88.63996781954468,5,1
Na3GaSe3,-1.160565190167024,0.0,3.517825543146376,709.1340737080903,28,1
Na3GeSe3,-1.060587030167025,0.0,3.512579039199811,715.7091982213606,28,1
Na3SbSe3,-0.996177171383929,0.0,3.906184020460744,727.1157295107176,28,1
Na3SiSe4,-1.095006389501616,0.0,3.263233307852974,1680.8555052797617,64,1
Na3SiTe3,-0.8463417455911321,0.0,3.5718171945531223,892.3386739156424,28,1
Na3TlO2,-1.336874567911876,0.0,4.995266574438523,406.0227290805777,24,1
Na3WN3,-0.6036836980911311,0.0,4.605338987100458,425.2245066625189,28,1
Na4Cu2S3,-0.9756267914463592,0.0,2.528067967535544,1656.5327621645015,72,1
Na4H6Ru,-0.354535263409091,0.0,2.472847937591823,267.36352122821296,22,1
Na4Si2Te5,-0.787160347054596,0.0,3.86204248971939,2704.060782266285,88,1
Na4SnO3,-1.647477668189653,0.0,3.267429852934444,262.91436281213777,16,1
Na4SnO4,-1.859072594501915,0.0,3.432572347750595,265.7451621958398,18,1
Na4SnS4,-1.1419720379166671,0.0,2.646331385484886,425.3473139845042,18,1
Na4TeO5,-1.87339313071839,0.0,4.13706110564,240.4724300625244,20,1
Na5InO4,-1.67336482335632,0.0,3.258833768162608,1197.5016200973184,80,1
Na5InS4,-1.221471250624999,0.0,2.572259084202261,462.253253562268,20,1
Na5NiO4,-1.415608920064655,0.0,2.971021624995988,1062.5577287167844,80,1
NaB9Se8,-0.5163349235719971,0.0,3.221982675614343,2325.28907315954,108,1
NaDySe2,-1.992658823281249,0.0,5.618012841815177,101.50303208585876,4,1
NaErSe2,-1.982204590364581,0.0,5.790392345586091,99.8460568220724,4,1
NaFeO2,-1.797874432844827,0.0,4.371676734888313,42.09905783092161,4,1
NaGa3Se5,-0.993323243469228,0.0,4.34582283116457,3832.975507684597,144,1
NaH2N,-0.4309021803125,0.0,1.453555614526926,178.27052343055513,16,1
NaHoSe2,-1.9887348307812511,0.0,5.6990712432171495,100.7674679851322,4,1
NaInO2,-1.978897959511493,0.0,5.695762417105993,49.5053026102216,4,1
NaInS2,-1.090385381406248,0.0,4.009346842222601,83.6359557073411,4,1
NaMnF4,-2.905333789885058,0.0,3.366123977941208,151.86163345622754,12,1
NaNdSe2,-1.964508348906246,0.0,4.941422914195757,109.26553440962168,4,1
NaPS3,-0.8659379022044321,0.0,2.053626689443856,485.6658878761321,20,1
NaSbCl6,-1.104572068749998,0.0,2.703262959484813,439.1649682892274,16,1
NaSmSe2,-1.976580612031249,0.0,5.165790441782305,106.48639345176711,4,1
NaTbSe2,-1.931277130683368,0.0,5.501957548363957,102.56522097937884,4,1
NaYSe2,-1.99745390453125,0.0,4.395078823887412,101.94114702976468,4,1
Nb2FeO6,-2.7408470850000013,0.0,5.392161980224028,415.9281013711032,36,1
Nb3ClO7,-2.906766186590912,0.0,4.1988204346959614,674.1593495685532,44,1
NbFeO4,-2.493895478333327,0.0,4.535608094455163,155.77976990612953,12,1
Nd3FeO6,-3.28377778625,0.0,6.50387880691535,298.497875983999,20,1
Nd4Au2O9,-2.769899473833338,0.0,8.389947222477149,882.6410364894905,60,1
Nd8Sb2S15,-1.962743718287499,0.0,5.092341375281412,2450.1170126208444,100,1
NdAlH6,-0.381056153749999,0.0,4.003212034599623,73.53238222290827,8,1
NdHO,-2.428892319583333,0.0,6.181587032250977,346.5269706779011,24,1
NdMnO3,-2.963478812086206,0.0,6.966899940186665,235.65668274841263,20,1
Ni(NF7)2,-0.974040527058822,0.0,2.869827717322747,204.0701939135492,17,1
Ni(SbO2)2,-1.623124937499998,0.0,5.830246661630062,417.2088814840183,28,1
NiPtF6,-1.9194652237499992,0.0,6.462745544910445,94.49433324832349,8,1
P2PdO6,-2.167519598253974,0.0,3.606829497725188,243.41967031074813,18,1
P3NCl12,-1.071170401026785,0.0,2.049559992048624,3450.5404080230423,128,1
P4Se3Br2,-0.447595135344741,0.0,3.133866081252831,1103.363661625414,36,1
P4Se3I2,-0.322518027844742,0.0,3.425879544490474,1191.5663799937938,36,1
PWO5,-2.461611074591843,0.0,4.964159973761716,394.463345373739,28,1
Pb13(Cl3O5)2,-1.54504972413793,0.0,7.451627302484525,1366.6091068958028,58,1
Pr10S14O,-2.456435454266666,0.0,5.283746356906927,2355.7730345172777,100,1
Pr3ReO8,-3.224797653750008,0.0,7.468281795554468,655.4080492589201,48,1
Pr4As2S9,-1.72501785961111,0.0,4.466611023805887,1490.1300118249376,60,1
Pr8Sb2S15,-1.993167136533331,0.0,4.909333371343124,2505.361342839515,100,1
PrAlH6,-0.379922531770832,0.0,3.841934867887246,75.17797905034259,8,1
PrCrO3,-3.121656220833332,0.0,6.837139433917559,234.03185092916053,20,1
Pt(SCl4)2,-0.370167341874999,0.0,3.131067082615434,575.780513192999,22,1
PtPbF6,-1.942023894999998,0.0,7.879112950699922,108.80588303936796,8,1
Rb2Cd3S4,-1.049852822777775,0.0,4.181207477565439,1011.0137409558909,36,1
Rb2HgF4,-2.427841051071428,0.0,5.139722588154414,144.58428896944054,7,1
Rb2HgO2,-1.303622809500002,0.0,5.459037155966833,122.74472794051744,5,1
Rb2PbO2,-1.499867705,0.0,5.389060633470288,505.50122930644574,20,1
Rb2PtCl6,-1.635688618333331,0.0,3.873459858066377,248.1028406965501,9,1
Rb2Sb4O11,-1.982251778235292,0.0,5.162293469694399,536.5204876333061,34,1
Rb2Sb4S7,-0.822465349807691,0.0,3.521444813274522,832.2211833845065,26,1
Rb2UO4,-3.043360169285711,0.0,5.943293800940401,132.14424307145944,7,1
Rb2V3O8,-2.452017968076925,0.0,3.382862004189621,443.5045374387397,26,1
Rb2WS4,-1.2821507953571412,0.0,3.676614167278273,872.6501589394131,28,1
Rb2ZrS4,-1.559196623392857,0.0,3.234648699904693,1603.4062634015183,56,1
Rb3SbS4,-1.138582374687499,0.0,3.149801856260538,1067.9222101148443,32,1
Rb3SbSe3,-1.15537654064732,0.0,3.792046405469322,1077.3112817200229,28,1
Rb4Cu5Cl9,-1.4188689261111112,0.0,3.118848662083574,2084.273474999692,72,1
RbAuCl4,-1.3371062620833332,0.0,3.952257562306489,356.49380561957827,12,1
RbAuS,-0.927596775,0.0,5.740667066568394,181.9434858666096,6,1
RbCr3O8,-1.948668683124999,0.0,3.296526269352012,372.2028988877119,24,1
RbErSe2,-1.955691798046876,0.0,5.671707185657266,120.22747854449668,4,1
RbH2N,-0.409693476250001,0.0,2.784459814794621,121.04950481140972,8,1
RbHoSe2,-1.958008406796873,0.0,5.589732250520973,121.29886718589668,4,1
RbLuSe2,-1.9347971397135424,0.0,5.9171075630438335,117.40440438136469,4,1
RbNdSe2,-1.961647512421874,0.0,4.889828111145874,131.63538914816922,4,1
RbPS3,-0.979465044928566,0.0,2.500040790174273,282.46844577595846,10,1
RbPSe6,-0.695075516400669,0.0,4.004124228298113,979.0433013472184,32,1
RbPrSe2,-1.955156013463541,0.0,4.774641389015283,133.6514213004038,4,1
RbSbS2,-0.9653269774999972,0.0,3.685288801273457,489.07996330808464,16,1
RbSmSe2,-1.965809699296873,0.0,5.103626193098856,128.1115778369348,4,1
RbSnI3,-1.152261604499999,0.0,4.503866369000728,862.5786152100532,20,1
RbTbSe2,-1.96795239971354,0.0,5.405723540926321,123.58321647862664,4,1
RbV3O8,-2.368860058541668,0.0,3.677934537008821,330.7479767445294,24,1
Re(TeBr2)2,-0.789544167261904,0.0,5.252254293452466,962.4122150037468,28,1
ReCl3O2,-1.499428205416669,0.0,4.037433411836059,533.955585212361,24,1
RuS3Cl8,-0.722147817708332,0.0,2.563401642789309,623.0275879275,24,1
S(IO3)2,-1.141020253055554,0.0,4.293006331059745,295.4156453756228,18,1
Sb2PbO6,-1.9003055799999984,0.0,6.885286752275585,131.85274240769567,9,1
Sb2S19F12,-1.4195136338636352,0.0,2.306514000050649,3112.23618031106,132,1
SbCl2F3,-2.044712416805556,0.0,2.803422154627933,1774.5690905853562,72,1
SbCl3F2,-1.764449698750001,0.0,2.921995854701883,604.9230933108859,24,1
SbSeCl9,-0.580705386960227,0.0,2.682314395694453,1287.1619025524583,44,1
SbXe2F9,-1.7213836775,0.0,4.125839072350214,447.0120372463886,24,1
Sc2SO2,-3.4087673845,0.0,3.757785187618736,136.0815087560316,10,1
ScIO,-2.891758846666664,0.0,4.468341688896301,279.25215104220206,12,1
ScPS4,-1.074563742371031,0.0,2.425776573977059,279.55165723892,12,1
Sn(PbO2)2,-1.779286491428569,0.0,8.051104990329549,492.6133731728575,28,1
Sn2OF5,-2.635444859375,0.0,5.053798285036001,228.95681025911887,16,1
Sr(CuO)2,-1.662393840999998,0.0,5.610975434093636,146.0255623515541,10,1
Sr(ErS2)2,-2.437206626488093,0.0,5.438687668345808,672.189643467053,28,1
Sr(FeO2)2,-2.148056996607141,0.0,4.379091191263277,798.764012414281,56,1
Sr(GaSe2)2,-1.227702357321429,0.0,4.737460526113051,380.5906635094256,14,1
Sr(HoS2)2,-2.439235399821427,0.0,5.328928131044178,680.2295926432141,28,1
Sr(LuS2)2,-2.434813495297616,0.0,5.74670807701452,653.9787571164204,28,1
Sr(TmS2)2,-2.442503043035716,0.0,5.5235462765635415,665.8916851150939,28,1
Sr(YS2)2,-2.439627174821428,0.0,3.794902866439433,689.0721275925979,28,1
Sr2BrN,-1.514354432499999,0.0,4.540104994267548,98.44161153036072,4,1
Sr2CrO4,-2.788419930178571,0.0,4.688125230729009,825.2423517880527,56,1
Sr2HN,-0.758281971875,0.0,3.980250414677526,79.3732125890664,4,1
Sr2NCl,-1.640572135312501,0.0,4.038605825015194,92.38896942904702,4,1
Sr2P7Cl,-0.834941834374998,0.0,2.832326932065758,2005.124316423132,80,1
Sr2RhF7,-3.25599896425,0.0,4.920835108454818,554.9501983890095,40,1
Sr2TiO4,-3.443433267619047,0.0,4.987146509547847,95.59542788402864,7,1
Sr3(AlN2)2,-1.232596961666667,0.0,4.373768019282196,566.2227940193515,36,1
Sr3MoN4,-1.099099332916666,0.0,4.564804568428675,905.409329507984,48,1
Sr3Ti2O7,-3.4925284151388603,0.0,5.022340116866562,155.59136359944824,12,1
Sr5(ReO6)2,-2.874758189122808,0.0,5.919100128170659,1687.4541770388748,114,1
Sr6Sb6S17,-1.33693586215517,0.0,3.912533411928158,3058.141466465428,116,1
SrHN,-0.822524347499999,0.0,4.08369361627382,166.93596074617898,12,1
SrIn2O4,-2.354714595476186,0.0,6.771426405573328,373.9752655722983,28,1
SrUO4,-3.690641247083333,0.0,7.861221512673748,82.30568887751426,6,1
SrZnO2,-2.43478201625,0.0,5.566117779030704,220.7972612182532,16,1
Ta2Cd2O7,-2.681269108606061,0.0,8.229125851151258,281.98406093907164,22,1
Ta2CoO6,-2.908913289962972,0.0,8.399308430563199,408.70445450679466,36,1
Ta2MnO6,-3.097177090844208,0.0,8.04900760536744,423.19482434933633,36,1
TaCu3S4,-0.8680332296666661,0.0,5.025571147896058,165.15806593774687,8,1
TaNO,-2.2641036474444443,0.0,10.896074306494691,128.5957915452017,12,1
Tc2O5F4,-2.06860917409091,0.0,3.691621523146977,633.3197051388013,44,1
TcBi3O8,-1.8074520962500031,0.0,7.438154018320752,1523.3179738269712,96,1
TePCl9,-0.6861796870887451,0.0,2.45365613377633,1293.021853508934,44,1
TePb2O5,-1.567598920833333,0.0,8.743239491200615,236.2626161270049,16,1
TeS7Br2,-0.551103265666658,0.0,2.829336864258865,1201.6504912994471,40,1
TiMnO3,-2.9546040562528733,0.0,4.644506556173096,107.83263051258716,10,1
TiPbO3,-2.7305897856666643,0.0,7.801556471692714,64.50656431866487,5,1
TiTl2O3,-2.254204047916664,0.0,7.161898160216908,468.0104628146787,24,1
Tl2(IO3)3,-0.9380550697619112,0.0,6.377458699253767,486.10932055603104,28,1
Tl2TeO3,-1.273872056180558,0.0,7.867918742498233,986.6503316100952,48,1
Tl3B3S10,-0.6727081101562501,0.0,4.44799754534922,721.4336165998227,32,1
Tl3Cd2I7,-0.8472754200000001,0.0,5.9169697846883285,968.9398432316646,24,1
Tl3VS4,-0.855684195,0.0,6.027814315155005,218.2765402821419,8,1
Tl4GeS4,-0.63313192814815,0.0,6.5212592046398274,518.656922613722,18,1
Tl4SiS4,-0.7548987675925951,0.0,6.338351576031315,510.2789291761532,18,1
TlAsS2,-0.511326553333333,0.0,5.264075448285784,866.6852500673407,32,1
TlGeS2,-0.640596573958334,0.0,5.303821884430091,854.4757266642357,32,1
TlSnF7,-2.343756699444444,0.0,6.007493037503693,504.26504173710566,36,1
TlV3O8,-2.191476307361112,0.0,4.948951333518091,325.6037420593376,24,1
Tm2MoO6,-3.208992745277777,0.0,8.02471069871529,438.52626434187874,36,1
TmAu2F9,-2.391115420208333,0.0,6.488010739506492,2253.864710235905,144,1
U(IO4)2,-1.820930397272725,0.0,5.922313001568772,347.58615224227066,22,1
UCdO4,-2.912708471666664,0.0,8.016393843600824,85.84778760200051,6,1
USO6,-2.736496320625,0.0,5.003665128522428,485.9695811323955,32,1
USeO6,-2.328941733105469,0.0,5.541655297511987,494.99884375327525,32,1
V(SeO3)2,-1.617126915243063,0.0,4.111952207694192,984.8917052379992,72,1
V2HgO6,-1.939190803611111,0.0,6.252096347042265,423.3293723041783,36,1
VBO3,-2.726639265833333,0.0,4.063605840500683,89.69635938619571,10,1
VPO4,-2.7006946757738097,0.0,3.757927184825147,257.9017588726252,24,1
VRe2O9,-2.178052431250003,0.0,5.106919160461001,368.95316956784274,24,1
Y2MoO6,-3.153788929999999,0.0,5.358870433873402,458.2914794656356,36,1
Y2NCl3,-2.402162087708333,0.0,3.592375361954586,275.6589563111886,12,1
Y3GaS6,-2.019756046250001,0.0,3.835477197201199,457.9058837984272,20,1
Y6UO12,-3.955267867894736,0.0,5.984210174704815,267.34650443084246,19,1
Zn2(PS3)3,-0.446611221017219,0.0,2.565174183934022,663.2956911847922,28,1
Zn2BrN,-0.6019946406250001,0.0,5.007675862369755,298.07902587340214,16,1
Zn2NCl,-0.6116934765625001,0.0,4.496504885608294,266.3029809174084,16,1
ZnPtF6,-2.033013432499999,0.0,6.370365985164173,97.61516823738953,8,1
Ag(CO)2,-0.6433775220833331,0.417856488916669,3.892154022538718,559.3675670318058,40,0
Ag2CN2,0.268039843333338,0.268039843333333,5.686081048745354,298.7648598761076,20,0
Ag5CF4,-0.7373676092083281,0.248403451916667,6.89252909177272,604.5568390251768,40,0
Ag9(BiO3)2,-0.403674674999999,0.254321086647058,5.019654193350925,1964.6933079339185,68,0
AgCO2,-1.105057804791666,0.221484708958334,4.488740387621706,224.73908706400255,16,0
AgClO2,-0.050428077916666,0.442294501249999,3.067992978740274,189.7825133066953,8,0
AgN3,0.624941838333334,0.624941838333334,4.322439136641746,115.16431806585771,8,0
AgN3O4,-0.312138822083333,0.241842000937495,3.409202335304447,833.4287210047544,64,0
Al2S3,-0.7422107400208321,0.494745483666667,1.567220842430697,954.5943236796812,30,0
AsN9,0.6450778624999991,0.6450778624999991,2.255418485732576,591.8871353421472,40,0
AuCN,0.250602922499998,0.2506029225,6.236492441303733,59.37209019892885,3,0
B20H26O,-0.074871230124113,0.204093668238773,0.840173709039977,1021.5178088094684,94,0
B3H7N,0.206262348113636,0.5333215421363621,0.7274127321697811,488.476477741784,44,0
B5(H2N)2,-0.088958566015152,0.495005899484848,1.055267720027524,541.9389851772648,44,0
B5H4,0.246173874522305,0.32544114785564,0.5406060124006681,2854.732119722876,144,0
B6H7O6,-1.292324385328947,0.24872730471491,1.920888447803473,580.6362490094691,76,0
B8H10N,0.002884966600876,0.253158169561403,0.7883114806133951,931.6754471786392,76,0
B9H11N4,-0.043789579583333,0.5075881210416691,1.052110039459308,1037.9691545294274,96,0
BN3Cl2,-0.264034094097221,0.356368584027778,1.64132797815691,1502.224720023493,72,0
BNCl2,-0.6863649384375,0.244239078749998,1.775709227682592,268.5455607902792,12,0
Ba(C2N3)2,0.211358776363634,0.565423422272725,2.215028954334467,807.8735567899109,44,0
Ba(CO)4,-1.4948880916666671,0.290332056388889,3.160298633171569,262.05391179814404,18,0
Ba(CO2)2,-1.733558265357142,0.561724782142854,2.942443535741705,508.68719410477263,28,0
Ba(FeO2)2,-1.360508256517856,0.7285895791964291,4.444184301364777,1871.2922290159888,112,0
Ba(ReO6)2,-1.417157074,0.298392997666659,4.208738262404712,1107.4638683640906,60,0
Ba(SO2)2,-2.001365568392856,0.31901665125,3.31173356357402,1064.8144852159369,56,0
Ba3Al2O12,-1.777754299558823,0.411160834705882,2.981986830189656,1465.5059866618135,68,0
BaAlO5,-1.738971356428571,0.453955735892856,3.309115985562226,245.1886804826688,14,0
BaBr2O,-1.705220711875,0.345664801458336,4.427526280553937,469.7629071837344,16,0
BaBr2O11,-0.050763841428571,0.699986034999997,3.027468037417436,519.0133682720191,28,0
BaC2,0.177630136666666,0.241223841111112,4.536489078011071,59.06006096919111,3,0
BaCl2O11,-0.248772035357142,0.6239190139285641,2.7527857441342998,463.5471169367922,28,0
BaI2O,-1.576712530625,0.284785577187499,4.8361076578320334,559.1803866223646,16,0
BaSO2,-2.122906246249999,0.489819501875,4.307451923301603,310.547671345802,16,0
BaSiO3,-3.109312189666668,0.294701016333331,5.765227565391804,184.4038941538481,15,0
BaV2O7,-2.2244989135,0.199833077833334,3.27098906393688,713.1677176744728,40,0
Be3SiO6,-2.64719067525,0.197016835083333,2.438508510309717,411.6255197895711,40,0
BeNF3,-1.3547771195,0.875561598333335,1.813512554287816,293.0589582435813,20,0
Bi(MoO5)2,-1.042632747692308,0.493935290817307,4.769688968487549,390.5162990826303,26,0
BiOsSe,-0.004123136909721,0.237030716111114,12.109138707232097,262.2880615670957,12,0
BiPO4,-1.468339534107143,0.945936145,5.984777066278992,337.3383967845706,24,0
BrN3,0.490177984687499,0.490177984687499,1.996677895603042,811.1863477064139,32,0
C,0.765540527499998,0.765540527499998,2.8085082877991843,56.81090330185562,8,0
C(SN)2,0.445017789321428,0.445017789321427,1.940151842940142,713.1481079726972,40,0
C10F3,-0.22567825508013,0.323600285112178,1.882560475191947,1874.5860759155455,156,0
C11F7,-0.559002428576386,0.366633629895833,1.7210133562689292,511.5820114377755,36,0
C12SeF10,-0.739862569938859,0.295010042017664,2.055571790667445,667.3791825570363,46,0
C13Cl3,0.197431000611979,0.236269322936196,1.886254595233897,2773.040401182257,192,0
C15S4,0.28542169766917,0.285421697669171,1.578514129877359,2595.5765843165213,152,0
C17F5,-0.240966766392044,0.299989371676135,2.035385332582556,1952.6129712072363,176,0
C20Cl3,0.243397069157609,0.270415032513586,1.876373169573289,2453.6612024126825,184,0
C28Cl5,0.254800895662878,0.286185398551134,1.919140116057209,1777.450378714048,132,0
C2F,-0.5493599442824071,0.244042391550925,2.106907917295483,1220.6030826153587,108,0
C2IO,-0.2366888290625,0.426582427812499,3.087746867215273,1436.3142781207937,64,0
C2N,0.373737452916665,0.373737452916666,1.10065023725852,1376.9419611997475,72,0
C2S3N2,0.302978999719386,0.302978999719387,1.563510589510436,629.7146316389859,28,0
C37F21,-0.6273585803987081,0.234440508523706,2.001864544663951,1399.131786182808,116,0
C3N4,0.336138734642856,0.336138734642855,3.501429834147895,87.31712878400397,14,0
C3S4,0.262706803494899,0.262706803494898,1.825519858068124,1195.5540189958233,56,0
C3S4O,-0.310445692187498,0.238499763392858,1.857069667483639,1289.692398160077,64,0
C4SO2,-0.341084214642857,0.479028600969389,1.7637815304439042,844.355769512329,56,0
C4SeO2,-0.273613879263393,0.484410414308036,2.215306962357301,476.7345978472523,28,0
C61O2,0.28489274563492,0.369117667142855,1.7294803255737472,1468.341292246919,126,0
C68OF20,-0.330794968820224,0.311518423904494,2.016398049437362,1997.351197802319,178,0
C7F3,-0.454336392787498,0.2597257094625,2.029602491598905,2308.357711325053,200,0
CI4,0.229454606999999,0.229454606999999,3.925783222986315,219.79398968328903,5,0
CN4Cl,0.9005261790451381,0.9350491322222212,1.034174595590036,664.6847408736443,24,0
CS2N,0.256646797276784,0.256646797276784,1.483081906580105,807.4714082250531,32,0
CS3N,0.195385110857145,0.195385110857143,1.569779562046759,1034.226560362879,40,0
CS3N4,0.5094720394419651,0.5094720394419651,1.6834913948309662,647.97356991009,32,0
CSe2,0.357718340937502,0.3577183409375,2.789351726499106,202.32411946043263,6,0
CSeN,0.295762290052086,0.295762290052085,2.673271789632519,521.6650981352182,24,0
Ca(BO5)2,-0.9808180575641032,0.703813452884622,2.370835204389753,310.55009403369854,26,0
Ca(C4N3)2,-0.018084984333334,0.259396364166665,1.414044263295696,517.1790190804078,30,0
Ca(ClO2)2,-1.236131622857142,0.190473636309519,2.630030529436897,220.9584865909414,14,0
Ca(IO2)2,-1.307543127857143,0.276892650793648,4.399150153084469,270.18002992486595,14,0
Ca(PO4)2,-2.054403778344155,0.376750686249987,2.227333618697139,685.9473500032556,44,0
Ca(ReO5)2,-1.7716477850000012,0.193631244410253,4.172082017057876,911.4253882783916,52,0
Ca(SO5)2,-1.237200719102563,0.502457730608973,1.9881479052361304,661.9996550333318,39,0
Ca2CoO3,-2.258849734166666,0.369106909583334,2.366611085594937,131.2703765130162,6,0
Ca2SiO4,-3.244030833571428,0.232600578214285,2.850739544662516,200.6565313071301,14,0
Ca3Al2O12,-1.7927941377941172,0.4149166001891,2.230111366038054,1090.6587108505514,68,0
CaAsO5,-1.566478996428571,0.405432261428615,2.9851926766384462,867.7482688153887,56,0
CaC2O5,-1.73939350140625,0.6035930417187501,2.158836571203087,886.6913030774697,64,0
CaClO,-2.3028529866666663,0.267273633564814,2.36115725095664,128.74178957792398,6,0
CaMo5O8,-1.740643009285715,0.277825033214281,5.271407137485044,816.2167533958929,56,0
CaNCl3,-0.8590193634999991,0.7293612780000001,1.990069330767163,535.505025319184,20,0
CaSO6,-1.6391744878125,0.362527312499999,2.13763551340775,261.2251158660712,16,0
CaSeO4,-1.6203656516406242,0.495078959166666,3.020009021959453,402.56537271053446,24,0
CaSiO3,-3.097686813833334,0.350361400999999,1.998980788330364,1157.9363364694275,60,0
CaSnO6,-1.005068856875,0.6790280471875051,4.053701389019475,417.4747068506465,32,0
CaZrO3,-3.478281985,0.1918930845,4.135496361472064,71.99498215571205,5,0
Cd(NO5)2,-0.396046297692308,0.291130378942308,2.352239649143687,424.15447737824655,26,0
Cd(PO5)2,-1.45524032532967,0.231139599711538,2.326153812670735,716.0387568879601,39,0
CdCl2O,-0.6584474756249991,0.490256529285715,3.386621948427677,390.91776271955536,16,0
CdN6,0.44439326553571,0.444393265535712,3.062909411151294,852.0392828930096,56,0
Ce2(N2O9)3,-0.8303021495714291,0.229385716964285,2.114816686312294,1250.4291304039753,70,0
Co(CO)4,-0.8025171924999991,0.417661284444444,2.058272901993679,1103.4817922523212,72,0
Co(NO6)2,-0.122120632,0.430542753333334,1.728856292313527,535.8337354823583,30,0
Co3C10O9,-0.6506547409848501,0.485052704242422,2.091461818962861,2100.3500104031336,132,0
CoF3,-1.9012289995833327,0.249699883541666,3.753530557337943,153.85806122497968,12,0
CoSO4,-1.502533220416667,0.234522308749999,1.9731410560207832,260.88005450037537,12,0
Cr(ClO2)2,-0.526153768571428,0.5488139620982161,2.541998531039272,244.1813003400396,14,0
CrOF3,-2.2395654355,0.192450380499998,3.202374106429325,259.24760737498946,20,0
CrPO10,-0.6462135380952391,0.651872652291666,1.7024834345632152,947.9116834438264,48,0
Cs(CO)2,-1.318671075931035,0.198187737999998,3.134999004335397,200.13941007890628,10,0
Cs2Mo2O11,-1.210042096620689,0.363073906416669,3.895760466695754,540.2064892575955,30,0
Cs2S5O,-0.7752632558512921,0.411651955312494,2.703704599324451,543.0940531494473,16,0
CsAgC2,0.366390490919539,0.389261980897988,3.446395357659245,255.16662059396788,8,0
CsAuC2,0.178467052586206,0.328963385,4.688143343345789,125.34895112609242,4,0
CsAuN12,0.448506887053566,0.510465398571426,3.160067752217826,523.3238734404828,28,0
CsBr2F,-1.485572966163793,0.21437261275,3.873936656706023,133.61336510753063,4,0
CsC,0.347644051422412,0.370515541400861,3.705740372362156,519.4944220183431,16,0
CsC10,0.20777984927377,0.241047471060605,2.9047982169217472,867.8132441738306,66,0
CsClO2,-1.038405012413793,0.3535713971875,3.3507233267821093,198.58461090911905,8,0
Cu(CO3)2,-0.8025262605555551,0.616940648518514,1.770186093449465,688.7747276775243,36,0
Cu(N2O3)2,0.250560553181818,0.905302771136363,2.431475925094409,588.8786715283801,44,0
CuN3,0.297025965625,0.297025965625,2.861467364107005,245.0443927579906,16,0
DyNbO4,-3.226292091944442,0.343030650000002,7.957277342082943,133.30760359766194,12,0
Er(PO2)3,-2.531238225892856,0.306415761042864,2.675199271352726,442.1691558072639,20,0
Eu2Ge2O7,-1.931322983409091,0.8110221770454501,5.913377338698544,630.3679138659344,44,0
Fe(CO)5,-0.583935225454546,0.7117812577272651,1.471635967098852,442.0823328508521,22,0
Fe(CO3)2,-0.969519279444445,0.683821664166663,2.284087413226748,255.7056687678284,18,0
Fe(NF2)3,-0.2887231835,0.9203258374166712,1.9744658747157071,178.17191505377593,10,0
Fe2(CO)9,-0.637367543500001,0.65526633662499,2.079871978287427,580.8745946279856,40,0
Fe2CO5,-1.503205728749999,0.22699762375,4.216279123871709,320.8971500121764,32,0
Fe2Cl6O5,0.065202480192307,0.9334624492445012,2.011650212199253,1335.282440567472,52,0
Fe2NF6,-1.7376558488888891,0.616808164814817,2.887106759724346,551.4306997506553,36,0
Fe2SiO4,-1.9029067957142864,0.39845049642857,4.821134763911129,140.3707673990363,14,0
Fe2Te3O10,-1.355229556666666,0.226184061333339,4.482489733802505,484.9074130696124,30,0
Fe3OF9,-2.243188886538461,0.201831435384615,3.191729334305877,368.8873936690396,26,0
FeBiO3,-1.085787643,0.588621641000001,4.354910310918767,119.2804837913782,5,0
FeHO2,-0.990767356562499,0.5583521518749991,3.659941756125592,80.62520949053207,8,0
FeP3O11,-1.616743398928571,0.531593613555558,2.490801468872972,433.0141543587241,30,0
FeSnO6,-0.6751692853124991,0.648602514374999,5.133945066842165,350.0319254484419,32,0
FeTeO5,-0.8382878300595231,0.5986813716071381,4.439637143480784,788.2729487036613,56,0
Gd(ReO5)3,-1.755702159210526,0.212124760614031,4.19681656165319,1512.8096927383156,76,0
Gd2(SO4)3,-1.6858941772058822,0.575686872352942,3.4836251914058782,287.2830978866937,17,0
Gd3S3N,-1.5765767331696412,0.6097922953571381,6.400621864864244,603.9122779797455,28,0
GdBO3,-3.279609314833333,0.219421033333331,6.199244282892027,173.62184449890864,15,0
Ge(PO2)3,-1.815277818892857,0.310576671331619,1.982667825520963,438.1235728767352,20,0
Ge3Pb3O10,-1.520401113437499,0.333423237499999,6.151648535511515,539.6056146681742,32,0
GeN3F7,-0.5265741195454541,0.8312120806818141,2.152043967030805,764.3537339322495,44,0
H(CO)2,-0.894317705749999,0.2856087005,1.708093959411746,221.7616983977793,20,0
H12C71F4,0.14231808643678,0.329739505344826,1.568978314420352,1991.507249961222,174,0
H18WC6,0.000480644199998,0.242770973699999,1.913730141274276,1902.3202447810447,200,0
H22C10O3,-0.125108674357143,0.348013897642856,0.8422500288761331,1500.5861133638653,140,0
H30S2O21,-1.07027688485849,0.294105856957547,1.174354761550675,608.5233446704685,53,0
H3I3N2,0.014406900156249,0.470528536756756,3.8242406414185073,357.57582794713977,16,0
H4C7O,-0.164760202291667,0.207732869791666,1.2976071926818,532.8952572851385,48,0
H4N2O3,-0.7256005911111111,0.246490180944442,1.649020957365584,161.20489640625084,18,0
H5(NO)3,-0.5446130555681821,0.376698030272724,1.6143192803810522,391.11847206731886,44,0
H6SN2,-0.124136283611111,0.308157925574074,0.975511628498294,900.4905285124128,72,0
HOF,-0.771413064583333,0.3774229275,1.840473487085658,129.94252538838035,12,0
Hf(MoO4)2,-2.092716206515151,0.427069547878788,5.567136478746756,891.9000500812768,66,0
HfNF4,-2.506539035833333,0.93117069972222,4.798380814850794,371.6575825146695,24,0
HfO3F4,-1.804053206249999,0.7742290954166661,4.299392855107252,467.3058583085523,32,0
Hg(CO2)2,-1.264516239642858,0.251532347499999,5.361629971429282,178.76896467161595,14,0
Hg2BrN,0.005750088749996,0.350298426874998,7.172806692060463,458.4634629957824,16,0
Hg2N2O3,-0.311375606000002,0.243282079535712,6.895580693189243,2298.269947985696,140,0
HgCN2,0.278421680624997,0.278421680624997,5.961690644214914,536.155445653675,32,0
HgN3,0.565199767500001,0.565199767500001,5.777442037759045,278.9217417457608,16,0
HgN6,0.6739747539285691,0.6739747539285721,3.848036644245415,491.30464216445006,28,0
HgNCl,0.5108077054166671,0.924975580416667,5.896350654840315,563.3549559685811,24,0
HgNO4,-0.352013692083334,0.32135901607639,3.82053103710127,484.3480808187114,24,0
Ho4Mo4O11,-2.7220831580263143,0.195667281973678,8.224887725363795,984.808748513326,76,0
HoIO9,-0.662685399545454,0.532688512310605,3.894894365444957,743.2414443771643,44,0
INO4,-0.225704938333333,0.482500350674598,3.730553634682255,182.41743772861483,12,0
In(IO4)3,-0.461874557604167,0.391192219687499,4.373061116689826,522.1334801753142,32,0
InOF2,-1.959807607916666,0.346561645624999,4.330654380806538,64.72984451649282,4,0
Ir3(CO)8,-0.9033236305921052,0.213764802039472,4.258578280714609,2497.822227273121,152,0
K2CdN12,0.149716407661856,0.2688017979375,1.950142599922183,305.421478790519,15,0
K2Cr2O7,-1.385542647227271,0.541959963863634,2.282642343461336,428.0171376750496,22,0
K2MnN4,0.260435964652709,0.57264144414881,2.125194819392091,591.2116224843007,28,0
K2Mo3O13,-1.321815639416666,0.428317218333331,2.842599178478504,670.6285178639677,36,0
K2MoO8,-1.037081400863636,0.365613570909091,2.815887384622884,1069.0093500938094,66,0
K2Se4O,-0.8142595234107141,0.285361686428571,3.014108808222842,451.7957645423249,14,0
K2Se5,-0.569201022674107,0.292729642738094,3.684613543492901,852.6585742551555,28,0
K3AuSe13,-0.388998012483455,0.212299126056985,4.338875859247499,1026.2352091683465,34,0
K3CrO8,-1.134695215979166,0.315831927291664,2.713038338464534,181.9566432446543,12,0
K3PSe16,-0.342337343694642,0.24862878265625,4.068849530456656,1152.2001603830297,40,0
K4Hf3Te17,-0.519817343750006,0.220617635277779,5.443000039945692,3491.3887053059884,96,0
K4V2O9,-1.8058709115999991,0.249031505333333,2.349114502495479,568.7133411698996,30,0
K6Fe2O5,-0.8433344952692301,0.6427686017094031,2.740640997486719,258.27873122906715,13,0
K6PdSe20,-0.488699828254629,0.284859745925927,3.589007431812689,3553.7216899634263,108,0
KAgC2,0.351638025203126,0.377642470125,2.825296529176975,100.49638504621144,4,0
KAsO4,-1.338311467458333,0.277468041666661,2.916184617520025,202.73408721280012,12,0
KAuC2,0.15296281397396,0.335334724520834,4.368425406395377,98.86477853747004,4,0
KAuN12,0.461700291589285,0.534185538214282,2.885793246687668,465.1053976416069,28,0
KAuSe5,-0.332889385924106,0.218040085022319,4.697841046376923,891.963564010242,28,0
KBH4,-0.138686213958334,0.315610876249999,1.459395481665093,245.5023016012589,24,0
KC,0.240058434390626,0.266062879312499,1.576313240970871,430.7189152459967,16,0
KC10,0.209659416325757,0.247484063484849,2.064020417100119,768.5000150275625,66,0
KClO2,-1.0358831843125,0.338457826562502,2.281792092918976,155.0803897946711,8,0
KCuC2,0.267536068265624,0.293540513187499,2.245296049894189,187.35466377197577,8,0
KN3O4,-0.7777177634062501,0.239684966874994,2.031029549133849,474.5785944699618,32,0
KO2,-0.780211839083332,0.217228567500001,0.5153763349175391,458.14875165271854,6,0
KTeO7,-0.64527088599074,0.356762044907407,2.443354206585142,757.6182600683453,36,0
La(Mo4O7)2,-1.865204661141305,0.211087830923899,5.873564958911944,2556.6778873377543,184,0
La2(SO7)3,-1.163904520480769,0.572865740256413,3.022951746967883,780.0135607710989,52,0
La2Ni2O5,-2.492407524722223,0.202257563888887,6.7415482662578565,468.1888485244575,36,0
LaClO2,-2.410682201249999,0.365965831093752,3.999501847854005,171.35349428368735,8,0
LaMnO3,-2.664739527586206,0.47052527302381,5.406020375383018,297.1410300410424,20,0
LaMo2O5,-2.311332252083333,0.246634282291667,6.298974605179213,1299.4883429094923,96,0
LaO3,-2.03022052,0.3922350546875,5.368807035045697,115.61631613875753,8,0
Li(CO)2,-1.351057391666667,0.262902050749996,1.805970387784833,115.78211136479848,10,0
Li2Cr2O9,-1.19395966128205,0.410156462410259,2.392146674068788,363.5591223877919,26,0
Li2Re2O11,-1.340615625361112,0.5097066100833261,3.336553383317925,2238.725794356291,120,0
LiAgC2,0.397159303541659,0.488164743749999,3.367985913307654,68.4485151878542,4,0
LiAuC2,0.217429869583334,0.498760086249998,5.569640341733852,67.95500862027589,4,0
LiB2O3,-2.089748286527777,0.559084202408851,1.202891920467038,845.5147893015353,48,0
LiClO2,-1.098642773958333,0.19256185,1.980614356329352,249.4824906807221,16,0
LiReO5,-1.638055735833334,0.344432373571419,3.988646496023129,454.8590042248025,28,0
LiSi,0.043562903958333,0.21788123860119,1.190496663429773,390.8477757422685,16,0
LuO3,-1.9327814154166671,0.644583316406248,7.153647980191866,207.02300483192195,16,0
LuSBr,-1.955017091388888,0.401178664999998,5.094081303817058,187.0674648466698,6,0
Mg2As2O9,-1.624702619807692,0.301347544038463,3.092254023986321,735.5772789172883,52,0
Mg3Si2O9,-2.176160490714286,0.5843442875595221,1.14705743865242,395.325455683632,14,0
MgBr2O,-1.094183583125,0.424971001875,3.40889460056359,389.9146167278364,16,0
MgC2,0.430231046666667,0.430231046666667,2.061823024189152,77.84167138175896,6,0
MgCO6,-1.099375789375,0.426893382499999,1.985012147577026,442.7366579132943,32,0
MgO,-2.700812314999999,0.337496855,3.34101416919779,20.031950589405277,2,0
MgSO6,-1.54945806984375,0.252173064843749,1.9090544291343128,1060.2541479215265,64,0
MgSO8,-1.112332356249999,0.328972551500001,2.55310964426355,239.82175447058057,20,0
MgSiO3,-3.025074768124999,0.20596262704167,2.9725347365795702,897.2779016846998,80,0
MgWO6,-1.5316205715625,0.390127909687492,3.904618235711084,517.3757289267412,32,0
Mn(CO)5,-0.741555759584639,0.65581635295454,1.580087690580993,819.6661449667694,44,0
Mn(CO3)2,-1.041893605047893,0.7447646040740761,2.620635653412525,443.435950623972,36,0
Mn2As2O7,-1.442525594623831,0.458912870000007,4.738020295916959,260.5507743905845,22,0
Mn2As2O9,-1.487303179489392,0.201085790705125,3.695694666066995,725.582329329695,52,0
Mn2O7,-0.8804072191235621,0.334611396898148,2.364325579290007,1246.6199895735654,72,0
Mn4Se4O15,-1.353936735917354,0.209553417509064,3.888840658305123,662.3496733081165,46,0
MnAgO4,-0.834450715349615,0.232931202222223,4.153568646393342,362.69211094379534,24,0
MnClO3,-0.840291030586207,0.361621988861111,2.245496154862825,204.6770351595788,10,0
MnSO6,-1.080893202241378,0.479203609236108,1.936317281093441,627.7436669201604,32,0
MnSeO4,-1.2713704054624642,0.255213514930551,3.442973623899653,381.77864314894623,24,0
MnSeO5,-0.9514303711106832,0.357070132083326,3.564078114235206,398.6232254069225,28,0
MnV2O8,-1.71914702890282,0.23455628856061,2.652437601990732,713.2284676855056,44,0
Mo(CO)6,-0.8662009067307671,0.416645683653849,2.083663659368318,841.5625198142385,52,0
Mo3Br6O,-0.583096999,0.5822007412499971,3.625150008951028,717.5461766521232,20,0
Mo3NO9,-1.282950166923077,0.493642330480774,3.815693740183502,388.0309772119165,26,0
Mo5PbO8,-1.508380348035714,0.224381241964286,6.346791189289521,852.8185499900131,56,0
MoAsO6,-0.96706670171875,0.676664897499999,3.178151185644927,1115.4362605184142,64,0
MoCl2O3,-0.8052006808333331,0.596603813597221,2.513113358791022,283.91651023975146,12,0
MoO4,-1.070325381,0.469388116749997,3.126086526886642,169.9138080370062,10,0
MoPO7,-1.4071440538492062,0.479956212222226,2.651021676498665,299.2949205977528,18,0
N3Cl,0.575281133749999,0.575281133749999,1.304002614944269,197.311121444502,8,0
NCl3,0.507523420520833,0.507523420520833,2.01820875191102,1188.4119337371756,48,0
Na(CO)2,-1.279222720275863,0.227644696541663,2.038824882471478,257.40148998233786,20,0
Na(CO)3,-1.216025011625614,0.239321004315476,2.076595759041734,342.3121812243034,28,0
Na2MoO6,-1.21346026558429,0.458533420833333,2.719294669509293,1162.268186601423,72,0
Na2TeO5,-1.179167404928161,0.404527015468747,3.041546486825761,276.88134998161746,16,0
Na2WO6,-1.418120480028734,0.304594173055557,3.147916376433918,1374.954172353778,72,0
NaAuC2,0.243353904999999,0.419021284166667,5.318219808506616,76.17860494344895,4,0
NaBrO2,-0.893446914094827,0.244949655,2.941266845535804,304.62299797580243,16,0
NaC,0.231464213599137,0.231464213599137,1.598476392086297,290.8752203110946,16,0
NaClO2,-0.9925589840948272,0.285669529375,2.347678335971384,127.9406609780813,8,0
NaCu5C6,0.5595579861206891,0.5595579861206891,4.738096996139472,578.6659982808654,48,0
NaIO4,-0.737062687729885,0.361757211666671,3.408528206247423,208.40417544462372,12,0
NaMo3O11,-1.591436547925287,0.206730486166674,3.249073188642441,995.1830979490958,60,0
NaV6O11,-2.097516306743295,0.396376967141193,4.094691663592481,409.29159028172506,36,0
Nb2Cd2O7,-2.187337671363635,0.276727237954545,6.421500315658226,270.29461017478064,22,0
Nb2Ni4O9,-1.762148660083334,0.320648963916672,5.713609250537252,1312.6676315855905,120,0
Nb4Te17I4,-0.389739058133334,0.266094366933333,5.502981095523407,1839.7516800982069,50,0
Nd(CO3)3,-1.327004715576922,0.647344920384616,1.820344362063551,1183.206552885836,52,0
Nd16(Mo3O8)7,-2.523396768279569,0.223613106989247,6.8385670190242696,2534.347702145161,186,0
NdFeO3,-2.2702453350000003,0.506160635499999,5.7420663323547885,286.9734639769192,20,0
Ni(C2N3)2,0.198548878484849,0.198548878484848,2.04077854115275,310.46158002657734,22,0
Ni(N3O2)2,-0.284531746363636,0.251479507272728,2.193541029310994,156.4982050930344,11,0
Ni(NO4)2,-0.443370953181818,0.302334433181819,2.444412930038168,291.7028087161904,22,0
Ni(SN)4,0.344644430416667,0.541819943194443,1.978108521746718,1631.7734242568258,72,0
Ni(SO6)2,-0.460887968999999,0.645208464222218,1.6260536390635991,321.492837837505,15,0
Ni2Sb2O7,-1.377274126363636,0.313613556818176,5.929528387226729,264.8687014260132,22,0
NiPO4,-1.258919269732143,0.7838956341666751,3.125191898819888,653.1857209975366,48,0
NpCO4,-2.3322365710416677,0.352727194583335,5.45211903666029,381.3288057910303,24,0
NpN4O11,-0.9968871227343752,0.277906117441406,3.206322917631392,485.8065672935326,32,0
Os(CO)4,-0.9645585060185172,0.214590395092594,3.353606238027957,1796.0312770838452,108,0
Os2(CO)7,-0.93513153078125,0.225593168749998,3.460524310670224,1106.5973413246472,64,0
Os3C10O11,-0.9458782653125,0.270119038958334,3.418275889140273,1684.286896006919,96,0
Os5(CO)16,-0.9244491112612612,0.222830900630631,3.672829297116182,1897.9468334978133,111,0
Os5(CO)19,-0.945179935,0.227113449244185,3.455251432603219,1425.74120704085,86,0
Os5C17O16,-0.8905842828289461,0.226504149802632,3.560067469434186,2633.158876717844,152,0
Os6C19O20,-0.953000788777778,0.226148112333333,3.6751102763924193,3053.6217293704667,180,0
OsCl4O,-0.6268164837500001,0.238871193124999,3.741474689140493,617.870106855565,24,0
P2O9,-0.8708051717532471,0.6876784600000001,2.272941624915337,1203.6382760100817,88,0
P2PbO8,-1.745518258571427,0.289328531931821,3.770103467669689,699.6847846465732,44,0
P3N4Cl5,-0.572692644910715,0.291910454375001,1.833493119407061,590.8825810203466,24,0
PCF3,-1.365822456023808,0.597496547733333,1.990234018376031,1668.3480336961156,100,0
PNO3,-0.9208458634285712,0.8963390172500001,1.590378661375911,776.6437232130503,40,0
PO4,-1.325146314428571,0.389185680499999,1.6608621476230092,379.81155036837407,20,0
PSN9,0.470711862949131,0.5894688680303021,1.515909769609594,828.5621907147794,44,0
Pb(CO)4,-0.9724268127777772,0.327228575555555,3.671020568558366,288.8086001899949,18,0
Pb(ClO2)2,-0.63889814642857,0.207838965119052,4.695803408553931,241.9506709287212,14,0
Pb(SN)2,0.126835004,0.499994701999999,4.521482623344099,439.7419620391996,20,0
Pb3BrO3,-1.254861642142855,0.199916415,7.173756849081707,693.9614541086438,28,0
PbCl2O7,-0.450775282499999,0.204105355749999,4.071332961320027,318.214837747367,20,0
PbN6,0.419054125238092,0.419054125238094,4.475043446117719,1296.8340594340912,84,0
Pd(S3N)2,0.159558875208334,0.272330574166666,2.043654575404596,1062.2206513967185,36,0
Pd(SN)4,0.486358372291666,0.5991300712500021,2.015713112041298,957.933935027918,36,0
Pd2S9N4,0.191801439763889,0.327127478513887,2.568066943495281,2162.725143885699,90,0
Pr2S3O20,-1.204341970033334,0.575017782599998,3.01865299115069,767.9275815856948,50,0
PrMo5O8,-1.8001813677976202,0.277280665267854,6.253427950485641,795.1378268916086,56,0
PrN,-1.274247987708332,0.271545837499999,6.972208740828422,73.79048439716705,4,0
PrO3,-1.938387684166666,0.392406296718749,5.181547997614971,121.07792651102208,8,0
Pt(SN)4,0.376909085069442,0.523594082361109,2.999392141494335,840.1169362448768,36,0
Rb(CO)2,-1.3185024625,0.1991648305,2.665852427873646,176.26358383423354,10,0
Rb2IO,-1.311502033125,0.1974490965625,3.584211570184807,581.5981455014027,16,0
Rb2Se5,-0.581435497745535,0.190123902544643,4.057376288736327,926.1414257034322,28,0
Rb4V2O9,-1.800775339,0.239171469555555,3.154862583470946,309.35732315589706,15,0
RbAuC2,0.180490668124999,0.3262020140625,4.626261664168464,109.998485505232,4,0
RbAuN12,0.474736585535713,0.525837951989795,3.050253581028688,490.5148730306424,28,0
RbC10,0.21803635310606,0.244450353333332,2.530049062893457,809.5455337567662,66,0
RbClO2,-1.036714496874999,0.345297022500001,2.929896060966681,173.33650379738373,8,0
RbCuC2,0.277271211875,0.29543083703125,2.782774996393646,206.5073244292575,8,0
Re(CO)5,-1.027831532272728,0.23072538340909,2.627037334084498,824.9038831571072,44,0
Re(Cl2O)2,-0.743119194642857,0.542104981428575,3.038583187196384,786.9768043085642,28,0
Re(H3C)6,0.023703383199989,0.256911123200001,1.969711970498789,466.05437921325,50,0
Re3Se4O3,-0.9340867196874992,0.347510484,5.823483932447616,2104.2792345107746,80,0
ReNF6,-1.940518089375,0.225571545937499,4.115087562082309,507.15636734031386,32,0
Rh(CO)3,-0.898853990089286,0.238182450267858,2.482000512369778,2001.0580806834416,112,0
Rh8C20O19,-0.8278278528723391,0.244695881648937,2.886295201888358,1573.434691852545,94,0
RhN5O7,0.097260935769231,0.7741462028846161,2.251236522531277,840.685307116208,52,0
Ru(CO)4,-0.957502544444444,0.221646356666665,2.366976724162893,1794.076677237654,108,0
Ru4C14O13,-0.8614810043548401,0.251103039435482,2.411855661721663,1074.6258493006442,62,0
S(IN)2,0.512194678999999,0.643348747499999,3.567284768128501,584.4469667663842,20,0
S2N,0.307862483749999,0.307862483749999,1.73469804349237,598.3706195874307,24,0
S2N2Cl,0.228063968812499,0.296433477125,1.832809692398309,924.8262177412118,40,0
S2N2O,-0.177871125749999,0.2786929975,1.880480409791828,763.9551818203295,40,0
S2NO,-0.378091445624999,0.1926137084375,1.721240957229672,363.265052393257,16,0
S3(NCl)2,0.095577747678571,0.193248473839286,1.901212253279453,340.8299973844067,14,0
S3(NO)2,-0.45804536892857,0.194189092857143,1.728005592106502,300.2168040069775,14,0
S3N,0.351277961718749,0.351277961718749,1.639841216672384,892.7412054055851,32,0
S3N2Cl,0.177454364739581,0.234428954999999,1.9980313084503751,1061.5408918038347,48,0
S3N2O5,-0.94638615975,0.195024148374999,2.003636560068843,676.9512017669086,40,0
S4N4O3,-0.037861182272727,0.5847262585227261,1.858994315784825,829.9505034738943,44,0
S4N5Cl,0.399901824781251,0.4340865789375,1.859841733467877,1669.583762731371,80,0
S4N5F,0.182255175499999,0.43168253965625,1.9259270038544032,749.3984837376381,40,0
S5N4O3,-0.342973398333332,0.227731755729166,1.930829518741327,909.3780636663608,48,0
S5N5Cl,0.299676274176137,0.330753323409091,1.932402656509309,456.83064925906615,22,0
S5N6,0.45019734903409,0.450197349034091,1.8459999767547792,439.62943253213854,22,0
S7(N3O4)2,-0.6203530367857131,0.249292912261905,1.899274981929837,763.2484693284255,42,0
S7N,0.228931761445314,0.228931761445314,1.8949774504486592,835.8410146655773,32,0
SN,0.5086555859375,0.5086555859375,1.8705937605216527,163.59267165168038,8,0
SNCl,0.151995371145833,0.265944551666665,1.804550943259995,450.1118122992458,18,0
Sb(OF3)2,-1.461930324999999,0.336300639027778,3.398927385625899,523.2333475713532,36,0
Sb4S7N2,0.360507726153844,0.5814638993750001,2.7790883117749,3534.9221054284308,104,0
SbN3Cl4,-0.188612633124999,0.322355151562499,2.302549092008581,881.5405886554581,32,0
SbN6Cl,0.241500694687497,0.398884699895832,2.215311953437673,723.3479924497398,32,0
SbN9,0.5930840256250001,0.5930840256250001,2.773846561371212,296.7109250939281,20,0
SbOF6,-1.791636794687499,0.23137303984375,3.6947136013179502,452.5822078788098,32,0
SbPO6,-1.261087061205357,0.713860007499999,2.804921916574856,589.001994817882,32,0
Sc(SeO3)3,-1.468155964387019,0.238963396826927,3.1969708543903312,442.3613683904709,26,0
ScAsO5,-2.037701233928572,0.263480279285714,3.142260459957042,211.2488381043676,14,0
ScBr3O7,-0.803282264545454,0.234176383238637,3.821823992644025,344.69174475137686,22,0
ScO2,-3.035004163333332,0.272273037291666,2.895121521509624,176.55397838819457,12,0
Se2Br3N,-0.177638809114583,0.241210137584634,3.304068417629296,1655.031449172922,48,0
Se2NO6,-0.0626152246875,0.9353757930555552,2.296546393879738,774.8970812524783,36,0
SeN,0.6339892010156251,0.6339892010156251,3.505514812760458,704.6033258496166,32,0
Si,0.393193089411763,0.393193089411763,2.00607082485501,790.4309054414421,34,0
Si2O3,-2.165350534,0.7801976755000001,1.739295903080365,994.5232770922948,50,0
Si2O5,-2.227385363571429,0.5778986454761901,2.332830694642392,193.8522878150404,14,0
Si3N4,-0.6140544882142871,0.706888974642856,3.130460983192679,297.65060327184403,28,0
SiO2,-3.029232922847223,0.243598421041667,1.7485626503561211,2738.861957735806,144,0
SmIO9,-0.5420132315909091,0.6234816986742401,4.294386708373807,651.5641840363987,44,0
SmMo5O8,-1.796154034642857,0.310768909017859,6.375936342211604,789.7069272198199,56,0
Sn(ClO)2,-0.6406302110000001,0.7736295947,2.437456484499421,603.9082715559888,20,0
Sn(NF)2,-1.229652501,0.31470421525,3.742280089650951,81.96476794077297,5,0
Sn3SO7,-1.718869042954545,0.226724916818183,3.51154043686369,946.1219417376152,44,0
SnMo5O8,-1.48271780375,0.268456675535716,5.749573394468248,839.1747561249764,56,0
SnPO3,-1.925782937928572,0.310747514114265,3.359908743902649,195.39734301346112,10,0
Sr(AsO4)2,-1.240268328181817,0.584511197272729,3.701999571958398,327.8541440220074,22,0
Sr(CO2)3,-1.927545334,0.217861312999993,2.593789546781377,562.4741847274204,40,0
Sr(ClO2)2,-1.252734148571428,0.217568494761901,3.041500444304732,242.9781864621356,14,0
Sr(IO)2,-1.313450287999999,0.396998738333333,3.903543657897154,635.413772885729,20,0
Sr2CoO3,-2.2332176775,0.241141722916667,3.459375971314559,135.44541812160094,6,0
SrAsO5,-1.649331887321429,0.330459532499986,3.67696102466451,876.2558379203219,56,0
SrBr2O7,-0.832594177999999,0.201594873500002,3.706446616468015,322.0536125970536,20,0
SrC3O7,-1.831868763636363,0.359690463409084,1.980885644778485,790.1567562846525,44,0
SrCl2O,-1.52275833125,0.7481602220833331,2.862600781945947,404.9551675410168,16,0
SrI2O7,-1.182120475499999,0.206834299500003,4.500725484149835,334.58139012678413,20,0
SrLiH3,-0.126509745583332,0.457782857499999,1.631795838220756,99.30372545490404,5,0
SrMn2O11,-0.780799385240147,0.5023438760119,2.721738975047871,911.4671095138384,56,0
SrMo5O8,-1.765797954464286,0.244656152142852,5.653378333025925,816.9260822017568,56,0
SrSiO3,-3.116950543,0.324275929999999,5.371420069070963,50.607918520880645,5,0
Ta2SnO7,-2.780080942466665,0.194757851000002,9.162628270428918,214.79383693518307,20,0
Tb(ClO2)3,-0.987986523666666,0.337415081375008,3.245940443171968,369.6437503328304,20,0
TbMnO3,-2.716380401919539,0.314236524500001,6.422371567421256,270.82295315671564,20,0
Tc(CO)5,-1.024582792500001,0.212630769318179,2.039928614493544,775.109780342589,44,0
TeAuBr8,-0.301280221666667,0.327853372874997,4.525416753980145,707.3051005744773,20,0
TeCF2,-0.7570802055208321,0.628129923854167,3.620239175780987,651.7231344749172,32,0
TeCF3,-1.328688632958338,0.333563522291665,3.067564130811213,851.416380407064,40,0
TeS3N2,0.367373273159718,0.367373273159721,2.524589547097196,662.5040272052447,24,0
Ti(NCl)3,-0.7880563352976191,0.286735254999999,2.053455326655643,317.3911908262693,14,0
Ti3FeO7,-2.917017173181817,0.237246160909105,5.160638414502237,100.21265477909016,11,0
Ti3O7,-2.690113244,0.46713666275,1.6808114067229392,505.028071561521,20,0
TiF2,-3.013348831111111,0.248468377407407,4.072181500448822,35.01322446420041,3,0
TiOF5,-2.460329842261905,0.278957639464286,2.566464340529464,411.134651918482,28,0
Tl2S7N8,0.302613287254901,0.507871892205882,3.590498194508654,1378.704032616825,68,0
Tl2ZnN12,0.355339917611113,0.360109117944444,4.291625344307119,994.0207666756932,60,0
Tl4CO5,-1.078655085833337,0.217847055333335,5.707515371126207,529.241920139588,20,0
TlFeO2,-1.167044853333335,0.205171898125001,6.340511242847416,153.06479155498042,8,0
TlN3,0.310554844687501,0.310554844687501,5.822987526243125,140.53352166702985,8,0
Tm4Mo4O11,-2.748041254736844,0.202611005657891,8.504087725965816,964.9852522846644,76,0
TmBO3,-3.200776610833335,0.318168113600002,7.001389952448992,324.08721585354914,30,0
UC2O7,-2.2127130955,0.293392641000005,2.992797844140083,415.07526449266464,20,0
UCrO9,-1.248484782272726,0.6313537179999981,3.21249867966208,897.3781345196461,44,0
UMnO4,-2.657902235488505,0.427740562499975,7.78172217151236,152.34509171734769,12,0
UNF5,-2.4801663625,0.843571581071456,5.040230526445395,457.32267771399273,28,0
UTa2O8,-2.979004525878787,0.464146308181815,9.037809522766253,133.74251564436906,11,0
V(CO)6,-0.84546241076923,0.5603261936057671,1.475925757736268,985.5822105177244,52,0
V(PO3)2,-1.688386834920633,0.926655786196594,2.033428855380412,341.16011098939026,18,0
V(PO4)2,-2.167659717662338,0.220362146818176,2.691827990552312,594.3881494412327,44,0
V2CdO10,-1.257199347692308,0.252646672307691,2.7882361484862117,445.815786799132,26,0
V2CuO8,-1.389107243636363,0.261151525965908,2.723523040881595,357.8029925740102,22,0
V2NiO7,-1.7083608065,0.195339709000001,3.040361290634837,297.7388167408226,20,0
V2Se2O13,-0.732970224981618,0.6575198123529401,2.34453211306198,662.6415568720554,34,0
VIO7,-0.855171450833332,0.329183392361111,2.565962743719813,750.2736871693972,36,0
VNCl4,-0.8677314474999901,0.213985167916664,2.122320636143499,323.5452585919397,12,0
VO2,-1.9837880500000007,0.538680126666651,1.926755707702279,285.92230513699394,12,0
VO3,-1.53495869875,0.467935391249999,2.823953579758337,349.0706892605726,24,0
VPO7,-1.561351912182539,0.384473409999998,2.398085068888428,537.0900274962278,36,0
W(CO)6,-0.819981187115384,0.466380159711539,2.520646430289248,927.2933908353428,52,0
W2Cl4O7,-0.6875858398076911,0.7904172286602561,2.500903762335649,1650.6109301086826,52,0
WN18,0.573437991940787,0.6467675860526341,2.523509560613247,573.7482584551421,38,0
WN3F5,-1.599216209166666,0.251589344814823,3.514617130464872,606.3675825182174,36,0
Xe(OF)2,0.07283455,0.5419210040000011,3.547948198609654,188.41740401940103,10,0
XeO3,0.95676317375,0.95676317375,4.239816109889231,280.88014591309434,16,0
YW2O9,-2.119530889166667,0.205077777135416,5.718311165886169,348.8048379775982,24,0
Yb4As2O,-1.65518781196429,0.318393625357138,10.02839915857352,142.07121336273522,7,0
Zn(NCl2)2,0.242838175357142,0.796129001071426,1.512753943925785,1032.8604002697598,28,0
Zn(PO2)2,-1.8540768591836727,0.326164238392857,2.249289114460773,282.534598521983,14,0
Zn2As2O9,-1.170073056923077,0.307359837019233,3.84473334150244,733.6348018171951,52,0
Zn2SiO5,-1.713579070625,0.427653938125001,3.516061088575354,225.65228719675667,16,0
Zn3(Se2O7)2,-0.9929110773511892,0.334640705714284,3.813269868789808,641.0530083960731,42,0
Zr(AsO5)2,-1.361504944615384,0.35721996884615,2.812813324958832,473.53145321666375,26,0
ZrNF5,-2.511784413571429,0.416994238571429,2.626434018854293,506.35597856563055,28,0
ZrNO6,-1.546887781875,0.195181358958333,2.454301491028001,272.293735737141,16,0
ZrO3F5,-2.095098059444446,0.210131580694443,2.82276814236999,551.1212200298573,36,0
